#;$id;libellé SEDA;libellé SEDA 0.2;libellé anglais
type;url;string;string;string
lang;;seda;seda-02;en
url;skos:Concept;skos:prefLabel;skos:prefLabel;skos:prefLabel
;;yob;yo;Yoba
;;quy;qu;Ayacucho Quechua
;;biz;bi;Baloi
;;vec;ve;Venetian
;;ita;it;Italian
;;sod;so;Songoora
;;twt;tw;Turiwára
;;tou;to;Tho
;;ndt;nd;Ndunga
;;jad;ja;Jahanka
;;sua;su;Sulka
;;kkm;kk;Kiong
;;krk;kr;Kerek
;;igb;ig;Ebira
;;bhy;bh;Bhele
;;arn;ar;Mapudungun
;;amn;am;Amanab
;;msg;ms;Moraid
;;bay;ba;Batuley
;;vel;ve;Veluws
;;can;ca;Chambri
;;pab;pa;Parecís
;;chx;ch;Chantyal
;;bea;be;Beaver
;;mrf;mr;Elseng
;;ltn;lt;Latundê
;;faa;fa;Fasu
;;nru;nr;Narua
;;ttq;tt;Tawallammat Tamajaq
;;isl;is;Icelandic
;;arc;ar;Official Aramaic (700-300 BCE)
;;myc;my;Mayeka
;;msk;ms;Mansaka
;;hio;hi;Tsoa
;;kac;ka;Kachin
;;sax;sa;Sa
;;klw;kl;Lindu
;;ngc;ng;Ngombe (Democratic Republic of Congo)
;;kla;kl;Klamath-Modoc
;;miq;mi;Mískito
;;swm;sw;Samosa
;;ron;ro;Romanian
;;tnc;tn;Tanimuca-Retuarã
;;kmw;km;Komo (Democratic Republic of Congo)
;;tsd;ts;Tsakonian
;;osu;os;Southern One
;;nrz;nr;Lala
;;ssn;ss;Waata
;;frq;fr;Forak
;;bif;bi;Biafada
;;ngy;ng;Tibea
;;kgb;kg;Kawe
;;liy;li;Banda-Bambari
;;avb;av;Avau
;;mkq;mk;Bay Miwok
;;lut;lu;Lushootseed
;;tiu;ti;Adasen
;;koo;ko;Konzo
;;mgs;mg;Manda (Tanzania)
;;kul;ku;Kulere
;;bha;bh;Bharia
;;siu;si;Sinagen
;;twy;tw;Tawoyan
;;msu;ms;Musom
;;rwa;rw;Rawo
;;bmi;bm;Bagirmi
;;bsf;bs;Bauchi
;;plk;pl;Kohistani Shina
;;kvh;kv;Komodo
;;bhg;bh;Binandere
;;nar;na;Iguta
;;tlt;tl;Teluti
;;nli;nl;Grangali
;;waz;wa;Wampur
;;mgl;mg;Maleu-Kilenge
;;tna;tn;Tacana
;;omn;om;Minoan
;;slh;sl;Southern Puget Sound Salish
;;gup;gu;Gunwinggu
;;sdj;sd;Suundi
;;azg;az;San Pedro Amuzgos Amuzgo
;;ayk;ay;Akuku
;;sng;sn;Sanga (Democratic Republic of Congo)
;;asj;as;Nsari
;;snn;sn;Siona
;;afr;af;Afrikaans
;;ide;id;Idere
;;snv;sn;Sa'ban
;;kyj;ky;Karao
;;sac;sa;Meskwaki
;;lgq;lg;Logba
;;qug;qu;Chimborazo Highland Quichua
;;scu;sc;Shumcho
;;lol;lo;Mongo
;;hed;he;Herdé
;;ayt;ay;Magbukun Ayta
;;msy;ms;Aruamu
;;los;lo;Loniu
;;tyv;ty;Tuvinian
;;etz;et;Semimi
;;csa;cs;Chiltepec Chinantec
;;urg;ur;Urigina
;;bnz;bn;Beezen
;;bns;bn;Bundeli
;;faj;fa;Faita
;;akf;ak;Akpa
;;twc;tw;Teshenawa
;;srg;sr;Sulod
;;mrk;mr;Hmwaveke
;;saq;sa;Samburu
;;pil;pi;Yom
;;urn;ur;Uruangnirin
;;zun;zu;Zuni
;;esm;es;Esuma
;;and;an;Ansus
;;kjs;kj;East Kewa
;;cua;cu;Cua
;;hov;ho;Hovongan
;;osi;os;Osing
;;biq;bi;Bipi
;;ngr;ng;Nanggu
;;knp;kn;Kwanja
;;sci;sc;Sri Lankan Creole Malay
;;eee;ee;E
;;slw;sl;Sialum
;;kgp;kg;Kaingang
;;omg;om;Omagua
;;kip;ki;Sheshi Kham
;;nbl;nb;South Ndebele
;;har;ha;Harari
;;boi;bo;Barbareño
;;hro;hr;Haroi
;;nbb;nb;Ndoe
;;qun;qu;Quinault
;;lum;lu;Luimbi
;;hob;ho;Mari (Madang Province)
;;krt;kr;Tumari Kanuri
;;wad;wa;Wandamen
;;rnn;rn;Roon
;;etc;et;Etchemin
;;tap;ta;Taabwa
;;seb;se;Shempire Senoufo
;;mym;my;Me'en
;;gvr;gv;Western Gurung
;;kib;ki;Koalib
;;ces;ce;Czech
;;zhi;zh;Zhire
;;ney;ne;Neyo
;;saj;sa;Sahu
;;plb;pl;Polonombauk
;;dao;da;Daai Chin
;;urw;ur;Sop
;;gaj;ga;Gadsup
;;rug;ru;Roviana
;;cad;ca;Caddo
;;kaj;ka;Jju
;;knf;kn;Mankanya
;;sth;st;Shelta
;;aaw;aa;Solong
;;tof;to;Gizrra
;;sgd;sg;Surigaonon
;;tno;tn;Toromono
;;twl;tw;Tawara
;;vis;vi;Vishavan
;;sqt;sq;Soqotri
;;omk;om;Omok
;;ptu;pt;Bambam
;;tnx;tn;Tanema
;;bel;be;Belarusian
;;bal;ba;Baluchi
;;lav;la;Latvian
;;thk;th;Tharaka
;;hra;hr;Hrangkhol
;;laz;la;Aribwatsa
;;kke;kk;Kakabe
;;mrr;mr;Maria (India)
;;abu;ab;Abure
;;set;se;Sentani
;;kya;ky;Kwaya
;;kje;kj;Kisar
;;trn;tr;Trinitario
;;pis;pi;Pijin
;;psi;ps;Southeast Pashayi
;;vie;vi;Vietnamese
;;ike;ik;Eastern Canadian Inuktitut
;;tru;tr;Turoyo
;;ora;or;Oroha
;;hik;hi;Seit-Kaitetu
;;ors;or;Orang Seletar
;;cak;ca;Kaqchikel
;;taj;ta;Eastern Tamang
;;nno;nn;Norwegian Nynorsk
;;amh;am;Amharic
;;mlr;ml;Vame
;;hun;hu;Hungarian
;;aye;ay;Ayere
;;thv;th;Tahaggart Tamahaq
;;sko;sk;Seko Tengah
;;rob;ro;Tae'
;;mln;ml;Malango
;;elh;el;El Hugeirat
;;chn;ch;Chinook jargon
;;zac;za;Ocotlán Zapotec
;;trj;tr;Toram
;;lid;li;Nyindrou
;;aer;ae;Eastern Arrernte
;;lik;li;Lika
;;rmd;rm;Traveller Danish
;;nyh;ny;Nyigina
;;nyv;ny;Nyulnyul
;;ndj;nd;Ndamba
;;bgm;bg;Baga Mboteni
;;ava;av;Avaric
;;wob;wo;Wè Northern
;;tlq;tl;Tai Loi
;;srl;sr;Isirawa
;;srz;sr;Shahmirzadi
;;lnu;ln;Longuda
;;brq;br;Breri
;;ttd;tt;Tauade
;;brw;br;Bellari
;;ays;ay;Sorsogon Ayta
;;bsy;bs;Sabah Bisaya
;;msd;ms;Yucatec Maya Sign Language
;;siv;si;Sumariup
;;hae;ha;Eastern Oromo
;;sih;si;Zire
;;sow;so;Sowanda
;;tkz;tk;Takua
;;nnw;nn;Southern Nuni
;;bsc;bs;Bassari
;;hts;ht;Hadza
;;nnx;nn;Ngong
;;ssw;ss;Swati
;;asu;as;Tocantins Asurini
;;mre;mr;Martha's Vineyard Sign Language
;;aks;ak;Akaselem
;;tke;tk;Takwane
;;piv;pi;Pileni
;;cor;co;Cornish
;;yol;yo;Yola
;;seh;se;Sena
;;vem;ve;Vemgo-Mabas
;;gvy;gv;Guyani
;;jay;ja;Yan-nhangu
;;woe;wo;Woleaian
;;nex;ne;Neme
;;ben;be;Bengali
;;zax;za;Xadani Zapotec
;;brj;br;Bieria
;;orh;or;Oroqen
;;nat;na;Hungworo
;;srt;sr;Sauri
;;skk;sk;Sok
;;psw;ps;Port Sandwich
;;boy;bo;Bodo (Central African Republic)
;;kof;ko;Kubi
;;hub;hu;Huambisa
;;fod;fo;Foodo
;;esl;es;Egypt Sign Language
;;kml;km;Lower Tanudan Kalinga
;;mka;mk;Mbre
;;stb;st;Northern Subanen
;;bav;ba;Vengo
;;crb;cr;Island Carib
;;mio;mi;Pinotepa Nacional Mixtec
;;kwf;kw;Kwara'ae
;;gug;gu;Paraguayan Guaraní
;;bon;bo;Bine
;;abn;ab;Abua
;;avn;av;Avatime
;;gar;ga;Galeya
;;bgd;bg;Rathwi Bareli
;;slv;sl;Slovenian
;;hot;ho;Hote
;;anr;an;Andh
;;kkl;kk;Kosarek Yale
;;smu;sm;Somray
;;kjl;kj;Western Parbate Kham
;;omc;om;Mochica
;;kay;ka;Kamayurá
;;sug;su;Suganga
;;dad;da;Marik
;;anz;an;Anem
;;nyk;ny;Nyaneka
;;mga;mg;Middle Irish (900-1200)
;;daa;da;Dangaléat
;;bms;bm;Bilma Kanuri
;;kwk;kw;Kwakiutl
;;isc;is;Isconahua
;;smg;sm;Simbali
;;arq;ar;Algerian Arabic
;;aaa;aa;Ghotuo
;;myl;my;Moma
;;quq;qu;Quinqui
;;rol;ro;Romblomanon
;;tlf;tl;Telefol
;;ksl;ks;Kumalu
;;hug;hu;Huachipaeri
;;mkj;mk;Mokilese
;;asg;as;Cishingini
;;kne;kn;Kankanaey
;;som;so;Somali
;;cok;co;Santa Teresa Cora
;;rus;ru;Russian
;;cax;ca;Chiquitano
;;avu;av;Avokaya
;;tex;te;Tennet
;;mnw;mn;Mon
;;zam;za;Miahuatlán Zapotec
;;bna;bn;Bonerate
;;tak;ta;Tala
;;lbo;lb;Laven
;;dev;de;Domung
;;tad;ta;Tause
;;deq;de;Dendi (Central African Republic)
;;wol;wo;Wolof
;;gvj;gv;Guajá
;;swp;sw;Suau
;;bss;bs;Akoose
;;brc;br;Berbice Creole Dutch
;;orr;or;Oruma
;;skd;sk;Southern Sierra Miwok
;;css;cs;Southern Ohlone
;;pat;pa;Papitalai
;;gas;ga;Adiwasi Garasia
;;glk;gl;Gilaki
;;knl;kn;Keninjal
;;ndf;nd;Nadruvian
;;kgh;kg;Upper Tanudan Kalinga
;;mnh;mn;Mono (Democratic Republic of Congo)
;;mtt;mt;Mota
;;tkq;tk;Tee
;;ank;an;Goemai
;;ndy;nd;Lutos
;;ded;de;Dedua
;;mhk;mh;Mungaka
;;jau;ja;Yaur
;;tiv;ti;Tiv
;;cam;ca;Cemuhî
;;lby;lb;Lamu-Lamu
;;rmm;rm;Roma
;;mto;mt;Totontepec Mixe
;;kyr;ky;Kuruáya
;;azj;az;North Azerbaijani
;;swb;sw;Maore Comorian
;;gno;gn;Northern Gondi
;;crm;cr;Moose Cree
;;mnq;mn;Minriq
;;smn;sm;Inari Sami
;;huv;hu;San Mateo Del Mar Huave
;;iko;ik;Olulumo-Ikom
;;rms;rm;Romanian Sign Language
;;tef;te;Teressa
;;dva;dv;Duau
;;ojg;oj;Eastern Ojibwa
;;snw;sn;Selee
;;mhr;mh;Eastern Mari
;;knw;kn;Kung-Ekoka
;;kma;km;Konni
;;tem;te;Timne
;;tkl;tk;Tokelau
;;bmv;bm;Bum
;;kvu;kv;Yinbaw Karen
;;igo;ig;Isebe
;;ksr;ks;Borong
;;bsl;bs;Basa-Gumna
;;nbr;nb;Numana-Nunku-Gbantu-Numbu
;;tye;ty;Kyenga
;;kyy;ky;Kambaira
;;kur;ku;Kurdish
;;afi;af;Akrukay
;;kln;kl;Kalenjin
;;plt;pl;Plateau Malagasy
;;lir;li;Liberian English
;;csl;cs;Chinese Sign Language
;;kwp;kw;Kodia
;;ptw;pt;Pentlatch
;;kvp;kv;Kompane
;;rog;ro;Northern Roglai
;;fie;fi;Fyer
;;tsq;ts;Thai Sign Language
;;aey;ae;Amele
;;mta;mt;Cotabato Manobo
;;mtd;mt;Mualang
;;kms;km;Kamasau
;;frt;fr;Fortsenal
;;vol;vo;Volapük
;;sea;se;Semai
;;nrm;nr;Narom
;;akj;ak;Aka-Jeru
;;tay;ta;Atayal
;;noj;no;Nonuya
;;bnu;bn;Bentong
;;tgo;tg;Sudest
;;xhd;xh;Hadrami
;;fom;fo;Foma
;;bgz;bg;Banggai
;;ssh;ss;Shihhi Arabic
;;nej;ne;Neko
;;myb;my;Mbay
;;brp;br;Barapasi
;;cuh;cu;Chuka
;;crx;cr;Carrier
;;zaf;za;Ayoquesco Zapotec
;;bij;bi;Vaghat-Ya-Bijim-Legeri
;;ngd;ng;Ngando (Central African Republic)
;;noc;no;Nuk
;;ane;an;Xârâcùù
;;gub;gu;Guajajára
;;tog;to;Tonga (Nyasa)
;;bgq;bg;Bagri
;;ssq;ss;So'a
;;ttr;tt;Tera
;;lbk;lb;Central Bontok
;;nek;ne;Neku
;;gux;gu;Gourmanchéma
;;kvw;kv;Wersing
;;noa;no;Woun Meu
;;crt;cr;Iyojwa'ja Chorote
;;mnb;mn;Muna
;;ruu;ru;Lanas Lobu
;;bmj;bm;Bote-Majhi
;;lgi;lg;Lengilu
;;hiw;hi;Hiw
;;elu;el;Elu
;;fat;fa;Fanti
;;sgw;sg;Sebat Bet Gurage
;;tao;ta;Yami
;;kgj;kg;Gamale Kham
;;bse;bs;Wushi
;;nnc;nn;Nancere
;;kiv;ki;Kimbu
;;tov;to;Upper Taromi
;;snh;sn;Shinabo
;;ayg;ay;Ginyanga
;;mgt;mg;Mongol
;;bok;bo;Bonjo
;;brk;br;Birked
;;pau;pa;Palauan
;;bhh;bh;Bukharic
;;bhs;bh;Buwal
;;biy;bi;Birhor
;;amx;am;Anmatyerre
;;luu;lu;Lumba-Yakkha
;;roo;ro;Rotokas
;;pla;pl;Miani
;;way;wa;Wayana
;;mrg;mr;Mising
;;lnd;ln;Lundayeh
;;quf;qu;Lambayeque Quechua
;;yif;yi;Ache
;;sno;sn;Snohomish
;;sdk;sd;Sos Kundi
;;msx;ms;Moresada
;;smh;sm;Samei
;;slg;sl;Selungai Murut
;;sln;sl;Salinan
;;mnk;mn;Mandinka
;;tnb;tn;Western Tunebo
;;mle;ml;Manambu
;;hoj;ho;Hadothi
;;bes;be;Besme
;;san;sa;Sanskrit
;;caf;ca;Southern Carrier
;;lgr;lg;Lengo
;;mlf;ml;Mal
;;uro;ur;Ura (Papua New Guinea)
;;smo;sm;Samoan
;;sig;si;Paasaal
;;bhb;bh;Bhili
;;ukl;uk;Ukrainian Sign Language
;;tlc;tl;Yecuatla Totonac
;;kyi;ky;Kiput
;;jav;ja;Javanese
;;tst;ts;Tondi Songway Kiini
;;ttb;tt;Gaa
;;trp;tr;Kok Borok
;;anc;an;Ngas
;;nnv;nn;Nugunu (Australia)
;;kku;kk;Tumi
;;msf;ms;Mekwei
;;wow;wo;Wawonii
;;itb;it;Binongan Itneg
;;abx;ab;Inabaknon
;;enm;en;Middle English (1100-1500)
;;boh;bo;Boma
;;pti;pt;Pintiini
;;jae;ja;Yabem
;;bhz;bh;Bada (Indonesia)
;;sdb;sd;Shabak
;;kaz;ka;Kazakh
;;mkp;mk;Moikodi
;;bhq;bh;Tukang Besi South
;;nds;nd;Low German
;;bie;bi;Bepour
;;nrt;nr;Northern Kalapuya
;;lnl;ln;South Central Banda
;;krl;kr;Karelian
;;aai;aa;Arifama-Miniafia
;;lto;lt;Tsotso
;;lob;lo;Lobi
;;hil;hi;Hiligaynon
;;myd;my;Maramba
;;hac;ha;Gurani
;;abz;ab;Abui
;;liz;li;Libinza
;;tnd;tn;Angosturas Tunebo
;;bhp;bh;Bima
;;psa;ps;Asue Awyu
;;kow;ko;Kugama
;;enq;en;Enga
;;tab;ta;Tabassaran
;;say;sa;Saya
;;kjm;kj;Kháng
;;abe;ab;Western Abnaki
;;crc;cr;Lonwolwol
;;mip;mi;Apasco-Apoala Mixtec
;;sec;se;Sechelt
;;soc;so;So (Democratic Republic of Congo)
;;iar;ia;Purari
;;bob;bo;Aweer
;;sak;sa;Sake
;;pit;pi;Pitta Pitta
;;kjf;kj;Khalaj
;;kih;ki;Kilmeri
;;sge;sg;Segai
;;klb;kl;Kiliwa
;;rod;ro;Rogo
;;thl;th;Dangaura Tharu
;;trm;tr;Tregami
;;twf;tw;Northern Tiwa
;;ths;th;Thakali
;;wan;wa;Wan
;;haz;ha;Hazaragi
;;mhi;mh;Ma'di
;;csm;cs;Central Sierra Miwok
;;kkf;kk;Kalaktang Monpa
;;kmn;km;Awtuw
;;squ;sq;Squamish
;;mls;ml;Masalit
;;abm;ab;Abanyom
;;ort;or;Adivasi Oriya
;;psl;ps;Puerto Rican Sign Language
;;lnz;ln;Lonzo
;;tih;ti;Timugon Murut
;;law;la;Lauje
;;mlo;ml;Mlomp
;;mif;mi;Mofu-Gudur
;;csb;cs;Kashubian
;;plj;pl;Polci
;;kok;ko;Konkani (macrolanguage)
;;mki;mk;Dhatki
;;skn;sk;Kolibugan Subanon
;;hoa;ho;Hoava
;;aes;ae;Alsea
;;chd;ch;Highland Oaxaca Chontal
;;ori;or;Oriya
;;pam;pa;Pampanga
;;aar;aa;Afar
;;gnt;gn;Guntai
;;kod;ko;Kodi
;;bak;ba;Bashkir
;;bek;be;Bebeli
;;ayu;ay;Ayu
;;hij;hi;Hijuk
;;itv;it;Itawit
;;mhl;mh;Mauwake
;;lic;li;Hlai
;;uga;ug;Ugaritic
;;tax;ta;Tamki
;;yit;yi;Eastern Lalu
;;sgg;sg;Swiss-German Sign Language
;;pib;pi;Yine
;;eli;el;Nding
;;bma;bm;Lame
;;glv;gl;Manx
;;tsc;ts;Tswa
;;sej;se;Sene
;;smv;sm;Samvedi
;;ake;ak;Akawaio
;;ved;ve;Veddah
;;its;it;Isekiri
;;ida;id;Idakho-Isukha-Tiriki
;;sui;su;Suki
;;nbk;nb;Nake
;;fai;fa;Faiwol
;;urf;ur;Uradhi
;;kak;ka;Kayapa Kallahan
;;huw;hu;Hukumina
;;aeq;ae;Aer
;;mrj;mr;Western Mari
;;bip;bi;Bila
;;ngz;ng;Ngungwel
;;guo;gu;Guayabero
;;lvk;lv;Lavukaleve
;;sch;sc;Sakachep
;;crl;cr;Northern East Cree
;;rmf;rm;Kalo Finnish Romani
;;swx;sw;Suruahá
;;hya;hy;Hya
;;esi;es;North Alaskan Inupiatun
;;tlr;tl;Talise
;;bed;be;Bedoanas
;;dan;da;Danish
;;klx;kl;Koluwawa
;;ast;as;Asturian
;;daz;da;Dao
;;end;en;Ende
;;urx;ur;Urimo
;;sti;st;Bulo Stieng
;;kio;ki;Kiowa
;;gai;ga;Borei
;;nau;na;Nauru
;;kkn;kk;Kon Keu
;;ngo;ng;Ngoni
;;naa;na;Namla
;;bhi;bh;Bhilali
;;wae;wa;Walser
;;tsf;ts;Southwestern Tamang
;;fam;fa;Fam
;;tgy;tg;Togoyo
;;nba;nb;Nyemba
;;bmt;bm;Biao Mon
;;nvh;nv;Nasarian
;;bov;bo;Tuwuli
;;waa;wa;Walla Walla
;;huf;hu;Humene
;;baa;ba;Babatana
;;lam;la;Lamba
;;qui;qu;Quileute
;;loc;lo;Inonhan
;;aad;aa;Amal
;;mte;mt;Mono (Solomon Islands)
;;chw;ch;Chuwabu
;;kut;ku;Kutenai
;;tgg;tg;Tangga
;;nga;ng;Ngbaka
;;kia;ki;Kim
;;nbj;nb;Ngarinman
;;gdu;gd;Gudu
;;huc;hu;=/Hua
;;dee;de;Dewoin
;;bsk;bs;Burushaski
;;asm;as;Assamese
;;seu;se;Serui-Laut
;;glu;gl;Gula (Chad)
;;csw;cs;Swampy Cree
;;mkg;mk;Mak (China)
;;tgr;tg;Tareng
;;urp;ur;Uru-Pa-In
;;rom;ro;Romany
;;bio;bi;Nai
;;nnp;nn;Wancho Naga
;;gne;gn;Ganang
;;ssc;ss;Suba-Simbiti
;;ury;ur;Orya
;;anq;an;Jarawa (India)
;;fan;fa;Fang (Equatorial Guinea)
;;sku;sk;Sakao
;;kol;ko;Kol (Papua New Guinea)
;;kmm;km;Kom (India)
;;ksk;ks;Kansa
;;hum;hu;Hungana
;;qup;qu;Southern Pastaza Quechua
;;tis;ti;Masadiit Itneg
;;kvx;kv;Parkari Koli
;;kno;kn;Kono (Sierra Leone)
;;krr;kr;Kru'ng 2
;;mts;mt;Yora
;;bnm;bn;Batanga
;;knd;kn;Konda
;;ikz;ik;Ikizu
;;tyn;ty;Kombai
;;dag;da;Dagbani
;;amy;am;Ami
;;bnr;bn;Butmas-Tur
;;sru;sr;Suruí
;;mgb;mg;Mararit
;;ttc;tt;Tektiteko
;;sde;sd;Surubu
;;sck;sc;Sadri
;;gdq;gd;Mehri
;;woo;wo;Manombai
;;srm;sr;Saramaccan
;;glc;gl;Bon Gula
;;ari;ar;Arikara
;;brr;br;Birao
;;azz;az;Highland Puebla Nahuatl
;;tys;ty;Tày Sa Pa
;;igg;ig;Igana
;;ndk;nd;Ndaka
;;xht;xh;Hattic
;;bev;be;Daloa Bété
;;cug;cu;Cung
;;swj;sw;Sira
;;laa;la;Southern Subanen
;;brx;br;Bodo (India)
;;ugn;ug;Ugandan Sign Language
;;bgn;bg;Western Balochi
;;rme;rm;Angloromani
;;nyi;ny;Ama (Sudan)
;;ame;am;Yanesha'
;;yom;yo;Yombe
;;mni;mn;Manipuri
;;kjt;kj;Phrae Pwo Karen
;;gle;gl;Irish
;;tly;tl;Talysh
;;zae;za;Yareni Zapotec
;;nei;ne;Neo-Hittite
;;ukq;uk;Ukwa
;;vid;vi;Vidunda
;;rmg;rm;Traveller Norwegian
;;coq;co;Coquille
;;kmt;km;Kemtuik
;;tkf;tk;Tukumanféd
;;new;ne;Newari
;;srd;sr;Sardinian
;;osa;os;Osage
;;bnk;bn;Bierebo
;;nll;nl;Nihali
;;bst;bs;Basketo
;;org;or;Oring
;;orz;or;Ormu
;;lov;lo;Lopi
;;sei;se;Seri
;;kkt;kk;Koi
;;nop;no;Numanggang
;;kov;ko;Kudu-Camo
;;ign;ig;Ignaciano
;;swc;sw;Congo Swahili
;;wod;wo;Wolani
;;pal;pa;Pahlavi
;;che;ch;Chechen
;;min;mi;Minangkabau
;;ban;ba;Balinese
;;kri;kr;Krio
;;tnp;tn;Whitesands
;;cac;ca;Chuj
;;ssv;ss;Shark Bay
;;myx;my;Masaaba
;;mie;mi;Ocotepec Mixtec
;;koe;ko;Kacipo-Balesi
;;klm;kl;Migum
;;ner;ne;Yahadian
;;nrl;nr;Ngarluma
;;kuq;ku;Karipuna
;;stp;st;Southeastern Tepehuan
;;klt;kl;Nukna
;;guw;gu;Gun
;;yix;yi;Axi Yi
;;dau;da;Dar Sila Daju
;;liq;li;Libido
;;crw;cr;Chrau
;;myv;my;Erzya
;;kvg;kv;Kuni-Boazi
;;tkd;tk;Tukudede
;;bry;br;Burui
;;ocu;oc;Atzingo Matlatzinca
;;idt;id;Idaté
;;sma;sm;Southern Sami
;;kub;ku;Kutep
;;aki;ak;Aiome
;;msj;ms;Ma (Democratic Republic of Congo)
;;lok;lo;Loko
;;toh;to;Gitonga
;;zaz;za;Zari
;;swq;sw;Sharwa
;;tny;tn;Tongwe
;;thh;th;Northern Tarahumara
;;anj;an;Anor
;;gdf;gd;Guduf-Gava
;;nod;no;Northern Thai
;;haq;ha;Ha
;;zhn;zh;Nong Zhuang
;;kvb;kv;Kubu
;;yii;yi;Yidiny
;;crs;cr;Seselwa Creole French
;;bgr;bg;Bawm Chin
;;nnd;nn;West Ambae
;;nob;no;Norwegian Bokmål
;;lub;lu;Luba-Katanga
;;frs;fr;Eastern Frisian
;;arp;ar;Arapaho
;;tom;to;Tombulu
;;nac;na;Narak
;;ssp;ss;Spanish Sign Language
;;lbj;lb;Ladakhi
;;mru;mr;Mono (Cameroon)
;;teu;te;Soo
;;pls;pl;San Marcos Tlalcoyalco Popoloca
;;miw;mi;Akoye
;;ttk;tt;Totoro
;;xhe;xh;Khetrani
;;abf;ab;Abai Sungai
;;lba;lb;Lui
;;gua;gu;Shiki
;;nbh;nb;Ngamo
;;asf;as;Australian Sign Language
;;kvv;kv;Kola
;;zap;za;Zapotec
;;guj;gu;Gujarati
;;dza;dz;Tunzu
;;nyw;ny;Nyaw
;;bmk;bm;Ghayavi
;;tkr;tk;Tsakhur
;;amw;am;Western Neo-Aramaic
;;knk;kn;Kuranko
;;cap;ca;Chipaya
;;lbn;lb;Lamet
;;tac;ta;Lowland Tarahumara
;;kyx;ky;Rapoisi
;;noy;no;Noy
;;sol;so;Solos
;;mso;ms;Mombum
;;ten;te;Tama (Colombia)
;;mnv;mn;Rennell-Bellona
;;isr;is;Israeli Sign Language
;;lij;li;Ligurian
;;her;he;Herero
;;mhs;mh;Buru (Indonesia)
;;any;an;Anyin
;;aez;ae;Aeka
;;gah;ga;Alekano
;;hos;ho;Ho Chi Minh City Sign Language
;;ted;te;Tepo Krumen
;;tee;te;Huehuetla Tepehua
;;bau;ba;Bada (Nigeria)
;;swy;sw;Sarua
;;ndd;nd;Nde-Nsele-Nta
;;boo;bo;Tiemacèwè Bozo
;;kst;ks;Winyé
;;kmx;km;Waboda
;;rna;rn;Runa
;;mtl;mt;Montol
;;kmb;km;Kimbundu
;;bab;ba;Bainouk-Gunyuño
;;trx;tr;Tringgus-Sembaan Bidayuh
;;lbx;lb;Lawangan
;;cst;cs;Northern Ohlone
;;mnj;mn;Munji
;;kmc;km;Southern Dong
;;fir;fi;Firan
;;kad;ka;Kadara
;;nde;nd;North Ndebele
;;jaz;ja;Jawe
;;ksq;ks;Kwaami
;;col;co;Columbia-Wenatchi
;;brd;br;Baraamu
;;had;ha;Hatam
;;nbq;nb;Nggem
;;avt;av;Au
;;zaw;za;Mitla Zapotec
;;bmw;bm;Bomwali
;;kgg;kg;Kusunda
;;lbw;lb;Tolaki
;;abp;ab;Abellen Ayta
;;stj;st;Matya Samo
;;hod;ho;Holma
;;tld;tl;Talaud
;;ome;om;Omejes
;;koz;ko;Korak
;;hrk;hr;Haruku
;;hat;ha;Haitian
;;abr;ab;Abron
;;asz;as;As
;;sca;sc;Sansu
;;cvn;cv;Valle Nacional Chinantec
;;kin;ki;Kinyarwanda
;;uri;ur;Urim
;;pth;pt;Pataxó Hã-Ha-Hãe
;;ium;iu;Iu Mien
;;gau;ga;Mudhili Gadaba
;;nad;na;Nijadali
;;oma;om;Omaha-Ponca
;;lim;li;Limburgan
;;avd;av;Alviri-Vidari
;;scg;sc;Sanggau
;;gal;ga;Galoli
;;iii;ii;Sichuan Yi
;;fah;fa;Baissa Fali
;;rnl;rn;Ranglong
;;kkc;kk;Odoodee
;;seg;se;Segeju
;;qus;qu;Santiago del Estero Quichua
;;stm;st;Setaman
;;etn;et;Eton (Vanuatu)
;;kjg;kj;Khmu
;;rwk;rw;Rwa
;;twa;tw;Twana
;;gac;ga;Mixed Great Andamanese
;;anf;an;Animere
;;nbu;nb;Rongmei Naga
;;tkb;tk;Buksa
;;myp;my;Pirahã
;;eso;es;Estonian Sign Language
;;omi;om;Omi
;;pij;pi;Pijao
;;mkc;mk;Siliput
;;kig;ki;Kimaama
;;hea;he;Northern Qiandong Miao
;;lax;la;Tiwa
;;slu;sl;Selaru
;;kal;ka;Kalaallisut
;;psr;ps;Portuguese Sign Language
;;rnp;rn;Rongpo
;;wab;wa;Wab
;;wao;wa;Wappo
;;mhf;mh;Mamaa
;;thm;th;Aheu
;;neq;ne;North Central Mixe
;;sgb;sg;Mag-antsi Ayta
;;fal;fa;South Fali
;;cob;co;Chicomuceltec
;;tnq;tn;Taino
;;haf;ha;Haiphong Sign Language
;;sqa;sq;Shama-Sambuga
;;bej;be;Beja
;;mlt;ml;Maltese
;;tnz;tn;Tonga (Thailand)
;;bmp;bm;Bulgebi
;;mrp;mr;Morouas
;;bht;bh;Bhattiyali
;;myy;my;Macuna
;;bgj;bg;Bangolan
;;luo;lu;Luo (Kenya and Tanzania)
;;srv;sr;Southern Sorsoganon
;;tal;ta;Tal
;;skq;sk;Sininkere
;;trl;tr;Traveller Scottish
;;trh;tr;Turaka
;;sif;si;Siamou
;;rub;ru;Gungu
;;vic;vi;Virgin Islands Creole English
;;oji;oj;Ojibwa
;;lif;li;Limbu
;;trs;tr;Chicahuaxtla Triqui
;;thw;th;Thudam
;;abh;ab;Tajiki Arabic
;;oru;or;Ormuri
;;aap;aa;Pará Arára
;;yij;yi;Yindjibarndi
;;ukw;uk;Ukwuani-Aboh-Ndoni
;;rmk;rm;Romkun
;;tsz;ts;Purepecha
;;kww;kw;Kwinti
;;nak;na;Nakanai
;;aag;aa;Ambrak
;;kua;ku;Kuanyama
;;psn;ps;Panasuan
;;jaa;ja;Jamamadí
;;kju;kj;Kashaya
;;nge;ng;Ngemba
;;skx;sk;Seko Padang
;;nrr;nr;Norra
;;mnl;mn;Tiale
;;gum;gu;Guambiano
;;abw;ab;Pal
;;ven;ve;Venda
;;sop;so;Songe
;;mse;ms;Musey
;;loj;lo;Lou
;;ids;id;Idesa
;;kmg;km;Kâte
;;fia;fi;Nobiin
;;xhu;xh;Hurrian
;;nly;nl;Nyamal
;;bog;bo;Bamako Sign Language
;;mis;mi;Uncoded languages
;;bgx;bg;Balkan Gagauz Turkish
;;bsm;bs;Busami
;;lnm;ln;Langam
;;glw;gl;Glavda
;;sgm;sg;Singa
;;hoo;ho;Holoholo
;;iti;it;Inlaod Itneg
;;lga;lg;Lungga
;;ndr;nd;Ndoola
;;aby;ab;Aneme Wake
;;ndp;nd;Ndo
;;smt;sm;Simte
;;mhx;mh;Maru
;;slm;sl;Pangutaran Sama
;;bid;bi;Bidiyo
;;psd;ps;Plains Indian Sign Language
;;nav;na;Navajo
;;tiw;ti;Tiwi
;;nlk;nl;Ninia Yali
;;kkk;kk;Kokota
;;bho;bh;Bhojpuri
;;mij;mi;Abar
;;kjn;kj;Kunjen
;;kat;ka;Georgian
;;lna;ln;Langbashe
;;lat;la;Latin
;;hit;hi;Hittite
;;mks;mk;Silacayoapan Mixtec
;;thp;th;Thompson
;;mss;ms;West Masela
;;saz;sa;Saurashtra
;;bhj;bh;Bahing
;;hrx;hr;Hunsrik
;;kmy;km;Koma
;;tne;tn;Tinoc Kallahan
;;coy;co;Coyaima
;;big;bi;Biangai
;;nnh;nn;Ngiemboon
;;tip;ti;Trimuris
;;crd;cr;Coeur d'Alene
;;kng;kn;Koongo
;;bhc;bh;Biga
;;lgm;lg;Lega-Mwenga
;;tow;to;Jemez
;;sne;sn;Bau Bidayuh
;;koq;ko;Kota (Gabon)
;;mgi;mg;Lijili
;;nrx;nr;Ngurmbur
;;ayr;ay;Central Aymara
;;wap;wa;Wapishana
;;sae;sa;Sabanê
;;cat;ca;Catalan
;;pli;pl;Pali
;;kvz;kv;Tsakwambo
;;waf;wa;Wakoná
;;kiu;ki;Kirmanjki (individual language)
;;hir;hi;Himarimã
;;asl;as;Asilulu
;;mnz;mn;Moni
;;non;no;Old Norse
;;slf;sl;Swiss-Italian Sign Language
;;ceb;ce;Cebuano
;;mrd;mr;Western Magar
;;ttt;tt;Muslim Tat
;;chz;ch;Ozumacín Chinantec
;;wax;wa;Watam
;;baf;ba;Nubaca
;;pae;pa;Pagibete
;;yiq;yi;Miqie
;;lgh;lg;Laghuu
;;sis;si;Siuslaw
;;sra;sr;Saruga
;;taw;ta;Tai
;;pia;pi;Pima Bajo
;;loq;lo;Lobala
;;ise;is;Italian Sign Language
;;thi;th;Tai Long
;;hud;hu;Huaulu
;;chg;ch;Chagatai
;;waw;wa;Waiwai
;;mla;ml;Malo
;;psy;ps;Piscataway
;;faz;fa;Northwestern Fars
;;nbn;nb;Kuri
;;kvm;kv;Kendem
;;daf;da;Dan
;;pav;pa;Pakaásnovos
;;swn;sw;Sawknah
;;hue;hu;San Francisco Del Mar Huave
;;kgu;kg;Kobol
;;pax;pa;Pankararé
;;scs;sc;North Slavey
;;mny;mn;Manyawa
;;elk;el;Elkei
;;mlg;ml;Malagasy
;;kyh;ky;Karok
;;ssb;ss;Southern Sama
;;ojb;oj;Northwestern Ojibwa
;;bmg;bm;Bamwe
;;tto;tt;Lower Ta'oih
;;luv;lu;Luwati
;;tim;ti;Timbe
;;elx;el;Elamite
;;crv;cr;Chaura
;;ukr;uk;Ukrainian
;;nbt;nb;Na
;;tgq;tg;Tring
;;brg;br;Baure
;;knn;kn;Konkani (individual language)
;;kvy;kv;Yintale Karen
;;str;st;Straits Salish
;;glo;gl;Galambu
;;aft;af;Afitti
;;amk;am;Ambai
;;zao;za;Ozolotepec Zapotec
;;msr;ms;Mongolian Sign Language
;;lud;lu;Ludian
;;snl;sn;Sangil
;;zar;za;Rincón Zapotec
;;nom;no;Nocamán
;;oml;om;Ombo
;;dzn;dz;Dzando
;;lig;li;Ligbi
;;urb;ur;Urubú-Kaapor
;;coz;co;Chochotec
;;kyw;ky;Kudmali
;;mtm;mt;Mator
;;bew;be;Betawi
;;ruq;ru;Megleno Romanian
;;zah;za;Zangwal
;;fap;fa;Palor
;;mty;mt;Nabi
;;hux;hu;Nüpode Huitoto
;;oro;or;Orokolo
;;com;co;Comanche
;;gab;ga;Gabri
;;teo;te;Teso
;;kmu;km;Kanite
;;htx;ht;Middle Hittite
;;akv;ak;Akhvakh
;;klr;kl;Khaling
;;kyg;ky;Keyagana
;;akl;ak;Aklanon
;;nlz;nl;Nalögo
;;des;de;Desano
;;sab;sa;Buglere
;;smz;sm;Simeku
;;bra;br;Braj
;;ant;an;Antakarinya
;;myw;my;Muyuw
;;lbm;lb;Lodhi
;;kmd;km;Majukayang Kalinga
;;ugy;ug;Uruguayan Sign Language
;;lag;la;Langi
;;quv;qu;Sacapulteco
;;lbv;lb;Lavatbura-Lamusong
;;kss;ks;Southern Kisi
;;tty;tt;Sikaritai
;;noh;no;Nomu
;;kvr;kv;Kerinci
;;yid;yi;Yiddish
;;kls;kl;Kalasha
;;ndc;nd;Ndau
;;mhy;mh;Ma'anyan
;;enu;en;Enu
;;bsn;bs;Barasana-Eduria
;;nna;nn;Nyangumarta
;;nym;ny;Nyamwezi
;;ayc;ay;Southern Aymara
;;ang;an;Old English (ca. 450-1100)
;;nbg;nb;Nagarchal
;;sve;sv;Serili
;;rmz;rm;Marma
;;kll;kl;Kagan Kalagan
;;cov;co;Cao Miao
;;msi;ms;Sabah Malay
;;lit;li;Lithuanian
;;ter;te;Tereno
;;nlv;nl;Orizaba Nahuatl
;;ser;se;Serrano
;;skw;sk;Skepi Creole Dutch
;;tso;ts;Tsonga
;;tgh;tg;Tobagonian Creole English
;;asa;as;Asu (Tanzania)
;;srn;sr;Sranan Tongo
;;soo;so;Songo
;;akm;ak;Aka-Bo
;;sml;sm;Central Sama
;;aam;aa;Aramanik
;;ssk;ss;Sunam
;;cvg;cv;Chug
;;mib;mi;Atatláhuca Mixtec
;;enh;en;Tundra Enets
;;gdd;gd;Gedaged
;;lbi;lb;La'bi
;;snu;sn;Senggi
;;kwr;kw;Kwer
;;gun;gu;Mbyá Guaraní
;;tka;tk;Truká
;;gvf;gv;Golin
;;ugb;ug;Kuku-Ugbanh
;;kun;ku;Kunama
;;afk;af;Nanubae
;;ash;as;Abishira
;;nnm;nn;Namia
;;gdg;gd;Ga'dang
;;hoe;ho;Horom
;;kas;ka;Kashmiri
;;sef;se;Cebaara Senoufo
;;nyx;ny;Nganyaywana
;;nrc;nr;Noric
;;bnc;bn;Bontok
;;neh;ne;Nyenkha
;;tey;te;Tulishi
;;jas;ja;New Caledonian Javanese
;;sdo;sd;Bukar-Sadung Bidayuh
;;sdf;sd;Sarli
;;gvo;gv;Gavião Do Jiparaná
;;mtr;mt;Mewari
;;til;ti;Tillamook
;;luq;lu;Lucumi
;;amv;am;Ambelau
;;gnh;gn;Lere
;;skm;sk;Sakam
;;wok;wo;Longto
;;ayq;ay;Ayi (Papua New Guinea)
;;kky;kk;Guguyimidjir
;;mrc;mr;Maricopa
;;csr;cs;Costa Rican Sign Language
;;tre;tr;East Tarangan
;;yox;yo;Yoron
;;ssy;ss;Saho
;;hag;ha;Hanga
;;sms;sm;Skolt Sami
;;yon;yo;Yongkom
;;crz;cr;Cruzeño
;;swk;sw;Malawi Sena
;;sqn;sq;Susquehannock
;;ksw;ks;S'gaw Karen
;;ann;an;Obolo
;;arh;ar;Arhuaco
;;ara;ar;Arabic
;;iai;ia;Iaai
;;mlp;ml;Bargam
;;kgm;kg;Karipúna
;;biv;bi;Southern Birifor
;;htu;ht;Hitu
;;bgk;bg;Bit
;;kwm;kw;Kwambi
;;uzn;uz;Northern Uzbek
;;chh;ch;Chinook
;;cav;ca;Cavineña
;;kae;ka;Ketangalan
;;guv;gu;Gey
;;laj;la;Lango (Uganda)
;;ttf;tt;Tuotomb
;;msb;ms;Masbatenyo
;;bga;bg;Gwamhi-Wuri
;;las;la;Lama (Togo)
;;cot;co;Caquinte
;;chq;ch;Quiotepec Chinantec
;;nle;nl;East Nyala
;;kuk;ku;Kepo'
;;crh;cr;Crimean Tatar
;;gdn;gd;Umanakaina
;;rmb;rm;Rembarunga
;;bsu;bs;Bahonsuai
;;tsl;ts;Ts'ün-Lao
;;row;ro;Dela-Oenale
;;ksn;ks;Kasiguranin
;;ksb;ks;Shambala
;;soy;so;Miyobe
;;kus;ku;Kusaal
;;gdr;gd;Wipi
;;rmq;rm;Caló
;;bgo;bg;Baga Koga
;;kny;kn;Kanyok
;;baw;ba;Bambili-Bambui
;;cab;ca;Garifuna
;;pao;pa;Northern Paiute
;;cuu;cu;Tai Ya
;;nnq;nn;Ngindo
;;esu;es;Central Yupik
;;kkr;kk;Kir-Balar
;;aaz;aa;Amarasi
;;suz;su;Sunwar
;;std;st;Sentinel
;;bmq;bm;Bomu
;;stq;st;Saterfriesisch
;;bnl;bn;Boon
;;ton;to;Tonga (Tonga Islands)
;;kop;ko;Waube
;;zay;za;Zayse-Zergulla
;;xhc;xh;Hunnic
;;mtb;mt;Anyin Morofo
;;knr;kn;Kaningra
;;mii;mi;Chigmecatitlán Mixtec
;;bnj;bn;Eastern Tawbuid
;;gld;gl;Nanai
;;avi;av;Avikam
;;dzd;dz;Daza
;;bne;bn;Bintauna
;;nyb;ny;Nyangbo
;;mkl;mk;Mokole
;;sor;so;Somrai
;;gna;gn;Kaansa
;;zul;zu;Zulu
;;tww;tw;Tuwari
;;sgo;sg;Songa
;;dac;da;Dambi
;;aka;ak;Akan
;;sid;si;Sidamo
;;aax;aa;Mandobo Atas
;;tnr;tn;Bedik
;;pir;pi;Piratapuyo
;;cas;ca;Tsimané
;;lau;la;Laba
;;thn;th;Thachanadan
;;nal;na;Nalik
;;kja;kj;Mlap
;;kum;ku;Kumyk
;;mhg;mh;Margu
;;kux;ku;Kukatja
;;sgc;sg;Kipsigis
;;enb;en;Markweeta
;;tix;ti;Southern Tiwa
;;bei;be;Bekati'
;;vin;vi;Vinza
;;fak;fa;Fang (Cameroon)
;;tsy;ts;Tebul Sign Language
;;def;de;Dezfuli
;;lie;li;Likila
;;afz;af;Obokuitai
;;piy;pi;Piya-Kwonci
;;csk;cs;Jola-Kasa
;;fos;fo;Siraya
;;jac;ja;Popti'
;;amb;am;Ambo
;;itt;it;Maeng Itneg
;;cuc;cu;Usila Chinantec
;;jab;ja;Hyam
;;ayd;ay;Ayabadhu
;;trv;tr;Taroko
;;hid;hi;Hidatsa
;;thx;th;The
;;cod;co;Cocama-Cocamilla
;;gvm;gv;Gurmana
;;cub;cu;Cubeo
;;coa;co;Cocos Islands Malay
;;psm;ps;Pauserna
;;amg;am;Amarag
;;aao;aa;Algerian Saharan Arabic
;;koj;ko;Sara Dunjo
;;orv;or;Old Russian
;;skp;sk;Sekapan
;;mid;mi;Mandaic
;;trg;tr;Lishán Didán
;;ruz;ru;Ruma
;;zum;zu;Kumzari
;;osc;os;Oscan
;;thu;th;Thuri
;;tgt;tg;Central Tagbanwa
;;kwx;kw;Khirwar
;;abo;ab;Abon
;;ary;ar;Moroccan Arabic
;;gak;ga;Gamkonora
;;mlq;ml;Western Maninkakan
;;boa;bo;Bora
;;nbm;nb;Ngbaka Ma'bo
;;kam;ka;Kamba (Kenya)
;;stk;st;Arammba
;;bnw;bn;Bisis
;;pih;pi;Pitcairn-Norfolk
;;psq;ps;Pasi
;;chf;ch;Tabasco Chontal
;;typ;ty;Thaypan
;;akg;ak;Anakalangu
;;twd;tw;Twents
;;now;no;Nyambo
;;yir;yi;North Awyu
;;knx;kn;Kendayan
;;mhj;mh;Mogholi
;;tsa;ts;Tsaangi
;;fag;fa;Finongan
;;ism;is;Masimasi
;;scf;sc;San Miguel Creole French
;;cuj;cu;Mashco Piro
;;tlp;tl;Filomena Mata-Coahuitlán Totonac
;;ksd;ks;Kuanua
;;how;ho;Honi
;;myh;my;Makah
;;beb;be;Bebele
;;kjh;kj;Khakas
;;wag;wa;Wa'ema
;;sut;su;Subtiaba
;;hut;hu;Humla
;;amm;am;Ama (Papua New Guinea)
;;ngt;ng;Ngeq
;;abj;ab;Aka-Bea
;;twi;tw;Twi
;;kmh;km;Kalam
;;fry;fr;Western Frisian
;;tlb;tl;Tobelo
;;cym;cy;Welsh
;;sse;ss;Balangingi
;;pii;pi;Pini
;;msm;ms;Agusan Manobo
;;kif;ki;Eastern Parbate Kham
;;enr;en;Emumu
;;ura;ur;Urarina
;;twq;tw;Tasawaq
;;waq;wa;Wageman
;;wac;wa;Wasco-Wishram
;;lbu;lb;Labu
;;aab;aa;Alumu-Tesu
;;far;fa;Fataleka
;;mgj;mg;Abureni
;;omt;om;Omotik
;;ksv;ks;Kusu
;;ndb;nd;Kenswei Nsei
;;daq;da;Dandami Maria
;;eto;et;Eton (Cameroon)
;;too;to;Xicotepec De Juárez Totonac
;;idd;id;Ede Idaca
;;tox;to;Tobian
;;jvd;jv;Javindo
;;eot;eo;Beti (Côte d'Ivoire)
;;mlh;ml;Mape
;;frk;fr;Frankish
;;mnd;mn;Mondé
;;pay;pa;Pech
;;bnb;bn;Bookan
;;kgv;kg;Karas
;;pad;pa;Paumarí
;;paw;pa;Pawnee
;;elo;el;El Molo
;;bmh;bm;Kein
;;wav;wa;Waka
;;igw;ig;Igwe
;;tts;tt;Northeastern Thai
;;ave;av;Avestan
;;sle;sl;Sholaga
;;jam;ja;Jamaican Creole English
;;fay;fa;Southwestern Fars
;;snf;sn;Noon
;;luw;lu;Luo (Cameroon)
;;bhd;bh;Bhadrawahi
;;ndi;nd;Samba Leko
;;cut;cu;Teutila Cuicatec
;;ttp;tt;Tombelala
;;cho;ch;Choctaw
;;quh;qu;South Bolivian Quechua
;;urh;ur;Urhobo
;;kmo;km;Kwoma
;;swo;sw;Shanenawa
;;tyu;ty;Kua
;;srf;sr;Nafi
;;kks;kk;Giiwo
;;loi;lo;Loma (Côte d'Ivoire)
;;sir;si;Siri
;;ffm;ff;Maasina Fulfulde
;;bof;bo;Bolon
;;ojw;oj;Western Ojibwa
;;nlg;nl;Gela
;;rue;ru;Rusyn
;;lnb;ln;Mbalanhu
;;lgb;lg;Laghu
;;lal;la;Lalia
;;krj;kr;Kinaray-A
;;tge;tg;Eastern Gorkha Tamang
;;uka;uk;Kaburi
;;snm;sn;Southern Ma'di
;;ltc;lt;Late Middle Chinese
;;psc;ps;Persian Sign Language
;;sap;sa;Sanapaná
;;esn;es;Salvadoran Sign Language
;;mnm;mn;Mapena
;;ars;ar;Najdi Arabic
;;kuv;ku;Kur
;;osx;os;Old Saxon
;;mgq;mg;Malila
;;etb;et;Etebi
;;ndq;nd;Ndombe
;;lbg;lb;Laopang
;;glg;gl;Galician
;;zha;zh;Zhuang
;;etx;et;Eten
;;beq;be;Beembe
;;sam;sa;Samaritan Aramaic
;;omw;om;South Tairora
;;mlu;ml;To'abaita
;;klq;kl;Rumu
;;scx;sc;Sicel
;;mir;mi;Isthmus Mixe
;;tam;ta;Tamil
;;fab;fa;Fa D'ambu
;;lgn;lg;Opuuo
;;mkr;mk;Malas
;;yig;yi;Wusa Nasu
;;kre;kr;Panará
;;bop;bo;Bonkiman
;;slt;sl;Sila
;;sdm;sd;Semandang
;;koy;ko;Koyukon
;;kau;ka;Kanuri
;;aea;ae;Areba
;;uzb;uz;Uzbek
;;mrs;mr;Maragus
;;wah;wa;Watubela
;;tif;ti;Tifal
;;kyf;ky;Kouya
;;klj;kl;Turkic Khalaj
;;bas;ba;Basa (Cameroon)
;;itr;it;Iteri
;;kvo;kv;Dobel
;;noi;no;Noiri
;;boq;bo;Bogaya
;;nlu;nl;Nchumbulu
;;aau;aa;Abau
;;kwe;kw;Kwerba
;;bgp;bg;Eastern Balochi
;;toi;to;Tonga (Zambia)
;;daw;da;Davawenyo
;;ior;io;Inor
;;sss;ss;Sô
;;ske;sk;Seke (Vanuatu)
;;rof;ro;Rombo
;;gdl;gd;Dirasha
;;klk;kl;Kono (Nigeria)
;;guu;gu;Yanomamö
;;plr;pl;Palaka Senoufo
;;mic;mi;Mi'kmaq
;;skv;sk;Skou
;;teg;te;Teke-Tege
;;bin;bi;Bini
;;jvn;jv;Caribbean Javanese
;;isd;is;Isnag
;;sgk;sg;Sangkong
;;myz;my;Classical Mandaic
;;mkk;mk;Byep
;;bhn;bh;Bohtan Neo-Aramaic
;;gve;gv;Duwet
;;cal;ca;Carolinian
;;guh;gu;Guahibo
;;bro;br;Brokkat
;;lis;li;Lisu
;;tan;ta;Tangale
;;sdl;sd;Saudi Arabian Sign Language
;;asi;as;Buruwai
;;soq;so;Kanasi
;;mnx;mn;Manikion
;;aze;az;Azerbaijani
;;nab;na;Southern Nambikuára
;;kwo;kw;Kwomtari
;;tew;te;Tewa (USA)
;;amu;am;Guerrero Amuzgo
;;nyc;ny;Nyanga-li
;;cry;cr;Cori
;;smm;sm;Musasa
;;nnb;nn;Nande
;;nyy;ny;Nyakyusa-Ngonde
;;gde;gd;Gude
;;ssj;ss;Sausi
;;arr;ar;Karo (Brazil)
;;lil;li;Lillooet
;;esk;es;Northwest Alaska Inupiatun
;;has;ha;Haisla
;;knm;kn;Kanamarí
;;hei;he;Heiltsuk
;;luy;lu;Luyia
;;ist;is;Istriot
;;mtx;mt;Tidaá Mixtec
;;pag;pa;Pangasinan
;;mya;my;Burmese
;;lue;lu;Luvale
;;rml;rm;Baltic Romani
;;mhh;mh;Maskoy Pidgin
;;avv;av;Avá-Canoeiro
;;ngq;ng;Ngurimi
;;tin;ti;Tindi
;;tns;tn;Tenis
;;lbl;lb;Libon Bikol
;;zaq;za;Aloápam Zapotec
;;nbs;nb;Namibian Sign Language
;;koc;ko;Kpati
;;brb;br;Lave
;;laf;la;Lafofa
;;gaa;ga;Ga
;;gat;ga;Kenati
;;lul;lu;Olu'bo
;;msh;ms;Masikoro Malagasy
;;jax;ja;Jambi Malay
;;akk;ak;Akkadian
;;crn;cr;El Nayar Cora
;;huz;hu;Hunzib
;;itk;it;Judeo-Italian
;;tep;te;Tepecano
;;hom;ho;Homa
;;anl;an;Anu
;;sll;sl;Salt-Yui
;;brh;br;Brahui
;;kmz;km;Khorasani Turkish
;;aku;ak;Akum
;;urz;ur;Uru-Eu-Wau-Wau
;;kme;km;Bakole
;;dep;de;Pidgin Delaware
;;bgc;bg;Haryanvi
;;kmv;km;Karipúna Creole French
;;neb;ne;Toura (Côte d'Ivoire)
;;ste;st;Liana-Seti
;;ttz;tt;Tsum
;;ans;an;Anserma
;;caa;ca;Chortí
;;tkp;tk;Tikopia
;;lns;ln;Lamnso'
;;bnv;bn;Bonerif
;;est;es;Estonian
;;akt;ak;Akolet
;;chp;ch;Chipewyan
;;rwo;rw;Rawa
;;myq;my;Forest Maninka
;;bno;bn;Bantoanon
;;box;bo;Buamu
;;bmr;bm;Muinane
;;sro;sr;Campidanese Sardinian
;;pan;pa;Panjabi
;;con;co;Cofán
;;nyj;ny;Nyanga
;;mlv;ml;Motlav
;;kox;ko;Coxima
;;qur;qu;Yanahuanca Pasco Quechua
;;sdp;sd;Sherdukpen
;;sez;se;Senthang Chin
;;nev;ne;Nyaheun
;;knq;kn;Kintaq
;;mgg;mg;Mpongmpong
;;bgy;bg;Benggoi
;;nrb;nr;Nara
;;ksm;ks;Kumba
;;cui;cu;Cuiba
;;omb;om;East Ambae
;;krp;kr;Korop
;;nae;na;Naka'ela
;;tlw;tl;South Wemale
;;lot;lo;Otuho
;;iow;io;Iowa-Oto
;;ksa;ks;Shuwa-Zamani
;;twr;tw;Southwestern Tarahumara
;;quk;qu;Chachapoyas Quechua
;;hol;ho;Holu
;;tla;tl;Southwestern Tepehuan
;;rup;ru;Macedo-Romanian
;;asw;as;Australian Aborigines Sign Language
;;afd;af;Andai
;;loa;lo;Loloda
;;hoc;ho;Ho
;;oca;oc;Ocaina
;;mtc;mt;Munit
;;gda;gd;Gade Lohar
;;brv;br;Western Bru
;;kit;ki;Agob
;;bgb;bg;Bobongko
;;gni;gn;Gooniyandi
;;chy;ch;Cheyenne
;;mha;mh;Manda (India)
;;kim;ki;Karagas
;;qua;qu;Quapaw
;;bsv;bs;Baga Sobané
;;wom;wo;Wom (Nigeria)
;;sdg;sd;Savi
;;sox;so;So (Cameroon)
;;tte;tt;Bwanabwana
;;tik;ti;Tikar
;;bet;be;Guiberoua Béte
;;soe;so;Songomeno
;;tlo;tl;Talodi
;;enc;en;En
;;sqo;sq;Sorkhei
;;kkz;kk;Kaska
;;jat;ja;Jakati
;;mih;mi;Chayuco Mixtec
;;srw;sr;Serua
;;ore;or;Orejón
;;bac;ba;Badui
;;anm;an;Anal
;;woc;wo;Wogeo
;;nnn;nn;Ngete
;;gvp;gv;Pará Gavião
;;gnu;gn;Gnau
;;akh;ak;Angal Heneng
;;gng;gn;Ngangam
;;deg;de;Degema
;;tsr;ts;Akei
;;ssx;ss;Samberigi
;;sey;se;Secoya
;;bri;br;Mokpwe
;;myo;my;Anfillo
;;lay;la;Lama (Myanmar)
;;rmc;rm;Carpathian Romani
;;kkd;kk;Kinuku
;;fao;fa;Faroese
;;yog;yo;Yogad
;;bgl;bg;Bo (Laos)
;;lak;la;Laka (Nigeria)
;;lnj;ln;Leningitij
;;mkb;mk;Mal Paharia
;;kwn;kw;Kwangali
;;cos;co;Corsican
;;veo;ve;Ventureño
;;sie;si;Simaa
;;smf;sm;Auwe
;;baz;ba;Tunen
;;ses;se;Koyraboro Senni Songhai
;;biu;bi;Biete
;;tsk;ts;Tseku
;;mnc;mn;Manchu
;;crg;cr;Michif
;;gdo;gd;Ghodoberi
;;guk;gu;Gumuz
;;zuy;zu;Zumaya
;;sda;sd;Toraja-Sa'dan
;;suj;su;Shubi
;;nlx;nl;Nahali
;;siz;si;Siwi
;;nrp;nr;North Picene
;;sdr;sd;Oraon Sadri
;;gnl;gn;Gangulu
;;hia;hi;Lamang
;;hig;hi;Kamwe
;;nnt;nn;Nanticoke
;;mra;mr;Mlabri
;;mge;mg;Mango
;;srh;sr;Sarikoli
;;cul;cu;Culina
;;kwg;kw;Sara Kaba Deme
;;skg;sk;Sakalava Malagasy
;;gax;ga;Borana-Arsi-Guji Oromo
;;bit;bi;Berinomo
;;tkw;tk;Teanu
;;ksc;ks;Southern Kalinga
;;sot;so;Southern Sotho
;;asy;as;Yaosakor Asmat
;;sqq;sq;Sou
;;rmo;rm;Sinte Romani
;;bnd;bn;Banda (Indonesia)
;;kmi;km;Kami (Nigeria)
;;brf;br;Bera
;;ssm;ss;Semnam
;;nyg;ny;Nyindu
;;loh;lo;Narim
;;krf;kr;Koro (Vanuatu)
;;tgf;tg;Chalikha
;;sqh;sq;Shau
;;crf;cr;Caramanta
;;cow;co;Cowlitz
;;ruk;ru;Che
;;aky;ak;Aka-Kol
;;orn;or;Orang Kanaq
;;nyd;ny;Nyore
;;roc;ro;Cacgia Roglai
;;cse;cs;Czech Sign Language
;;rwr;rw;Marwari (India)
;;gdm;gd;Laal
;;nra;nr;Ngom
;;cen;ce;Cen
;;kni;kn;Kanufi
;;woa;wo;Tyaraity
;;srp;sr;Serbian
;;suy;su;Suyá
;;nbw;nb;Southern Ngbandi
;;luz;lu;Southern Luri
;;hrt;hr;Hértevin
;;top;to;Papantla Totonac
;;smy;sm;Semnani
;;och;oc;Old Chinese
;;bmy;bm;Bemba (Democratic Republic of Congo)
;;fau;fa;Fayu
;;tir;ti;Tigrinya
;;piz;pi;Pije
;;kgy;kg;Kyerung
;;omx;om;Old Mon
;;mgy;mg;Mbunga
;;dap;da;Nisi (India)
;;stf;st;Seta
;;kkw;kk;Teke-Kukuya
;;mlw;ml;Moloko
;;del;de;Delaware
;;luf;lu;Laua
;;mko;mk;Mingang Doso
;;kkp;kk;Gugubera
;;mns;mn;Mansi
;;smk;sm;Bolinao
;;aru;ar;Aruá (Amazonas State)
;;ayo;ay;Ayoreo
;;kmp;km;Gimme
;;bez;be;Bena (Tanzania)
;;skr;sk;Seraiki
;;elm;el;Eleme
;;loz;lo;Lozi
;;tlj;tl;Talinga-Bwisi
;;mne;mn;Naba
;;gvn;gv;Kuku-Yalanji
;;nbp;nb;Nnam
;;deh;de;Dehwari
;;kjp;kj;Pwo Eastern Karen
;;lgz;lg;Ligenza
;;yoy;yo;Yoy
;;sew;se;Sewa Bay
;;lae;la;Pattani
;;mkv;mk;Mafea
;;kis;ki;Kis
;;ssd;ss;Siroi
;;nnf;nn;Ngaing
;;abb;ab;Bankon
;;jaq;ja;Yaqay
;;mtj;mt;Moskona
;;ity;it;Moyadan Itneg
;;bar;ba;Bavarian
;;kyv;ky;Kayort
;;bso;bs;Buso
;;hrm;hr;Horned Miao
;;loo;lo;Lombo
;;hoh;ho;Hobyót
;;tea;te;Temiar
;;glh;gl;Northwest Pashayi
;;stt;st;Budeh Stieng
;;ukp;uk;Ukpe-Bayobiri
;;nep;ne;Nepali
;;mgr;mg;Mambwe-Lungu
;;pap;pa;Papiamento
;;zaj;za;Zaramo
;;ltu;lt;Latu
;;hai;ha;Haida
;;hul;hu;Hula
;;sar;sa;Saraveca
;;dez;de;Dengese
;;gao;ga;Gants
;;kvq;kv;Geba Karen
;;hto;ht;Minica Huitoto
;;thd;th;Thayore
;;slz;sl;Ma'ya
;;lbt;lb;Lachi
;;rmx;rm;Romam
;;ikt;ik;Western Canadian Inuktitut
;;ark;ar;Arikapú
;;tyi;ty;Teke-Tsaayi
;;ami;am;Amis
;;hus;hu;Huastec
;;avk;av;Kotava
;;zhw;zh;Zhoa
;;bsh;bs;Kati
;;twu;tw;Termanu
;;myr;my;Muniche
;;bor;bo;Borôro
;;lbs;lb;Libyan Sign Language
;;nef;ne;Nefamese
;;ham;ha;Hewa
;;rou;ro;Runga
;;arx;ar;Aruá (Rodonia State)
;;dzl;dz;Dzalakha
;;tnl;tn;Lenakel
;;gnc;gn;Guanche
;;isu;is;Isu (Menchum Division)
;;cri;cr;Sãotomense
;;nog;no;Nogai
;;ano;an;Andoque
;;mth;mt;Munggui
;;quc;qu;K'iche'
;;rmi;rm;Lomavren
;;sgt;sg;Brokpake
;;bhl;bh;Bimin
;;ako;ak;Akurio
;;svc;sv;Vincentian Creole English
;;tsn;ts;Tswana
;;neg;ne;Negidal
;;amt;am;Amto
;;klp;kl;Kamasa
;;zag;za;Zaghawa
;;aas;aa;Aasáx
;;tii;ti;Tiene
;;tnu;tn;Tay Khang
;;ksu;ks;Khamyang
;;nyn;ny;Nyankole
;;dec;de;Dagik
;;fij;fi;Fijian
;;nda;nd;Ndasa
;;deu;de;German
;;kgk;kg;Kaiwá
;;yih;yi;Western Yiddish
;;kry;kr;Kryts
;;bmn;bm;Bina (Papua New Guinea)
;;soi;so;Sonha
;;kwb;kw;Kwa
;;srb;sr;Sora
;;nri;nr;Chokri Naga
;;wai;wa;Wares
;;gdb;gd;Pottangi Ollar Gadaba
;;afe;af;Putukwam
;;aeb;ae;Tunisian Arabic
;;kvf;kv;Kabalai
;;swh;sw;Swahili (individual language)
;;bhm;bh;Bathari
;;plp;pl;Palpa
;;cup;cu;Cupeño
;;rnw;rn;Rungwa
;;koi;ko;Komi-Permyak
;;kws;kw;Kwese
;;gnq;gn;Gana
;;dai;da;Day
;;sns;sn;South West Bay
;;ruo;ru;Istro Romanian
;;nyr;ny;Nyiha (Malawi)
;;akx;ak;Aka-Kede
;;teq;te;Temein
;;mry;mr;Mandaya
;;tgs;tg;Nume
;;swa;sw;Swahili (macrolanguage)
;;bhu;bh;Bhunjia
;;sry;sr;Sera
;;cay;ca;Cayuga
;;myg;my;Manta
;;kli;kl;Kalumpang
;;tkn;tk;Toku-No-Shima
;;aek;ae;Haeke
;;krc;kr;Karachay-Balkar
;;kyn;ky;Northern Binukidnon
;;paf;pa;Paranawát
;;nnz;nn;Nda'nda'
;;lng;ln;Langobardic
;;tyr;ty;Tai Daeng
;;twh;tw;Tai Dón
;;zhb;zh;Zhaba
;;nou;no;Ewage-Notu
;;enf;en;Forest Enets
;;laq;la;Qabiao
;;heh;he;Hehe
;;ttn;tt;Towei
;;slk;sl;Slovak
;;arj;ar;Arapaso
;;frm;fr;Middle French (ca. 1400-1600)
;;coh;co;Chonyi-Dzihana-Kauma
;;idb;id;Indo-Portuguese
;;ngk;ng;Ngalkbun
;;thy;th;Tha
;;bic;bi;Bikaru
;;ngg;ng;Ngbaka Manza
;;xhr;xh;Hernican
;;mku;mk;Konyanka Maninka
;;thr;th;Rana Tharu
;;ksy;ks;Kharia Thar
;;omr;om;Old Marathi
;;kud;ku;'Auhelawa
;;swi;sw;Sui
;;bib;bi;Bissa
;;mgh;mg;Makhuwa-Meetto
;;arg;ar;Aragonese
;;zua;zu;Zeem
;;ese;es;Ese Ejja
;;kvl;kv;Brek Karen
;;plh;pl;Paulohi
;;bee;be;Byangsi
;;ror;ro;Rongga
;;krh;kr;Kurama
;;jaj;ja;Zazao
;;fil;fi;Filipino
;;bep;be;Besoa
;;hrz;hr;Harzani
;;tav;ta;Tatuyo
;;sue;su;Suena
;;wau;wa;Waurá
;;nln;nl;Durango Nahuatl
;;car;ca;Galibi Carib
;;kgs;kg;Kumbainggar
;;idi;id;Idi
;;kiz;ki;Kisi
;;chj;ch;Ojitlán Chinantec
;;mit;mi;Southern Puebla Mixtec
;;kuh;ku;Kushi
;;azo;az;Awing
;;snz;sn;Sinsauru
;;tiy;ti;Tiruray
;;lop;lo;Lopa
;;mgo;mg;Meta'
;;esq;es;Esselen
;;naf;na;Nabak
;;vep;ve;Veps
;;scv;sc;Sheni
;;mli;ml;Malimpung
;;asb;as;Assiniboine
;;kan;ka;Kannada
;;mlj;ml;Miltu
;;swv;sw;Shekhawati
;;nby;nb;Ningera
;;jak;ja;Jakun
;;svk;sv;Slovakian Sign Language
;;kuu;ku;Upper Kuskokwim
;;scq;sc;Sa'och
;;ett;et;Etruscan
;;kos;ko;Kosraean
;;env;en;Enwan (Edu State)
;;siq;si;Sonia
;;lbf;lb;Tinani
;;lgu;lg;Longgu
;;mnr;mn;Mono (USA)
;;sld;sl;Sissala
;;gut;gu;Maléku Jaíka
;;sim;si;Mende (Papua New Guinea)
;;snc;sn;Sinaugoro
;;aso;as;Dano
;;xha;xh;Harami
;;afn;af;Defaka
;;ttv;tt;Titan
;;tnk;tn;Kwamera
;;asv;as;Asoa
;;saf;sa;Safaliba
;;sad;sa;Sandawe
;;lgl;lg;Wala
;;msp;ms;Maritsauá
;;cea;ce;Lower Chehalis
;;gvc;gv;Guanano
;;tlx;tl;Khehek
;;yim;yi;Yimchungru Naga
;;urr;ur;Lehalurup
;;sto;st;Stoney
;;ukg;uk;Ukuriguma
;;omu;om;Omurano
;;kle;kl;Kulung (Nepal)
;;naw;na;Nawuri
;;thc;th;Tai Hang Tong
;;trc;tr;Copala Triqui
;;akc;ak;Mpur
;;jar;ja;Jarawa (Nigeria)
;;kki;kk;Kagulu
;;tyj;ty;Tai Do
;;sus;su;Susu
;;isi;is;Nkem-Nkum
;;swt;sw;Sawila
;;cha;ch;Chamorro
;;bme;bm;Limassa
;;ssz;ss;Sengseng
;;bey;be;Beli (Papua New Guinea)
;;cre;cr;Cree
;;bom;bo;Berom
;;rng;rn;Ronga
;;pst;ps;Central Pashto
;;bim;bi;Bimoba
;;kil;ki;Kariya
;;tlm;tl;Tolomako
;;ndm;nd;Ndam
;;ayi;ay;Leyigha
;;beg;be;Belait
;;ndx;nd;Nduga
;;nbe;nb;Konyak Naga
;;kgf;kg;Kube
;;mkn;mk;Kupang Malay
;;pai;pa;Pe
;;myi;my;Mina (India)
;;han;ha;Hangaza
;;bod;bo;Tibetan
;;ena;en;Apali
;;nam;na;Nangikurrunggurr
;;kaf;ka;Katso
;;tli;tl;Tlingit
;;tgv;tg;Tingui-Boto
;;snj;sn;Riverain Sango
;;pse;ps;Central Malay
;;lvs;lv;Standard Latvian
;;sdx;sd;Sibu Melanau
;;mhp;mh;Balinese Malay
;;mkx;mk;Kinamiging Manobo
;;piw;pi;Pimbwe
;;eno;en;Enggano
;;lus;lu;Lushai
;;rwm;rw;Amba (Uganda)
;;kie;ki;Kibet
;;abg;ab;Abaga
;;sls;sl;Singapore Sign Language
;;war;wa;Waray (Philippines)
;;aaf;aa;Aranadan
;;pig;pi;Pisabo
;;gae;ga;Guarequena
;;huy;hu;Hulaulá
;;kjo;kj;Harijan Kinnauri
;;abq;ab;Abaza
;;yia;yi;Yinggarda
;;kka;kk;Kakanda
;;tat;ta;Tatar
;;lip;li;Sekpele
;;miy;mi;Ayutla Mixtec
;;knb;kn;Lubuagan Kalinga
;;ruh;ru;Ruga
;;plz;pl;Paluan
;;tsx;ts;Mubami
;;dav;da;Taita
;;ell;el;Modern Greek (1453-)
;;plq;pl;Palaic
;;hoy;ho;Holiya
;;mhd;mh;Mbugu
;;aeu;ae;Akeu
;;trr;tr;Taushiro
;;lah;la;Lahnda
;;bag;ba;Tuki
;;igm;ig;Kanggape
;;tsg;ts;Tausug
;;twp;tw;Ere
;;faf;fa;Fagani
;;itz;it;Itzá
;;kye;ky;Krache
;;tnt;tn;Tontemboan
;;kwy;kw;San Salvador Kongo
;;csi;cs;Coast Miwok
;;pip;pi;Pero
;;for;fo;Fore
;;gan;ga;Gan Chinese
;;ptn;pt;Patani
;;hur;hu;Halkomelem
;;ssr;ss;Swiss-French Sign Language
;;ngv;ng;Nagumi
;;crq;cr;Iyo'wujwa Chorote
;;kuw;ku;Kpagua
;;iki;ik;Iko
;;psp;ps;Philippine Sign Language
;;toj;to;Tojolabal
;;orw;or;Oro Win
;;taf;ta;Tapirapé
;;scl;sc;Shina
;;bsg;bs;Bashkardi
;;nnl;nn;Northern Rengma Naga
;;hah;ha;Hahon
;;lun;lu;Lunda
;;sik;si;Sikiana
;;kor;ko;Korean
;;nya;ny;Nyanja
;;lai;la;Lambya
;;sux;su;Sumerian
;;ndo;nd;Ndonga
;;hal;ha;Halang
;;stg;st;Trieng
;;srq;sr;Sirionó
;;zat;za;Tabaa Zapotec
;;lug;lu;Ganda
;;krz;kr;Sota Kanum
;;igl;ig;Igala
;;das;da;Daho-Doo
;;ugo;ug;Ugong
;;ttg;tt;Tutong
;;mik;mi;Mikasuki
;;gli;gl;Guliguli
;;ksp;ks;Kaba
;;oci;oc;Occitan (post 1500)
;;anu;an;Anuak
;;tic;ti;Tira
;;mgz;mg;Mbugwe
;;loy;lo;Lowa
;;iou;io;Tuma-Irumu
;;seq;se;Senara Sénoufo
;;ikv;ik;Iku-Gora-Ankwa
;;ksx;ks;Kedang
;;heg;he;Helong
;;nbv;nb;Ngamambo
;;aah;aa;Abu' Arapesh
;;cro;cr;Crow
;;kmf;km;Kare (Papua New Guinea)
;;dem;de;Dem
;;tgc;tg;Tigak
;;omo;om;Utarmbung
;;svb;sv;Ulau-Suain
;;isn;is;Isanzu
;;dei;de;Demisa
;;lor;lo;Téén
;;uku;uk;Ukue
;;qum;qu;Sipacapense
;;sky;sk;Sikaiana
;;kmq;km;Kwama
;;boz;bo;Tiéyaxo Bozo
;;isg;is;Irish Sign Language
;;gly;gl;Gule
;;nns;nn;Ningye
;;gaw;ga;Nobonob
;;idr;id;Indri
;;brn;br;Boruca
;;nye;ny;Nyengo
;;kkx;kk;Kohin
;;trf;tr;Trinidadian Creole English
;;pio;pi;Piapoco
;;kns;kn;Kensiu
;;mgf;mg;Maklew
;;sos;so;Seeku
;;bnn;bn;Bunun
;;qux;qu;Yauyos Quechua
;;sri;sr;Siriano
;;huk;hu;Hulung
;;hop;ho;Hopi
;;pah;pa;Tenharim
;;chr;ch;Cherokee
;;bgw;bg;Bhatri
;;tio;ti;Teop
;;orm;or;Oromo
;;foi;fo;Foi
;;sgu;sg;Salas
;;paq;pa;Parya
;;bis;bi;Bislama
;;lbe;lb;Lak
;;sqi;sq;Albanian
;;gdc;gd;Gugu Badhun
;;rma;rm;Rama
;;asx;as;Muratayak
;;skf;sk;Sakirabiá
;;slr;sl;Salar
;;ksg;ks;Kusaghe
;;kwt;kw;Kwesten
;;log;lo;Logo
;;mkd;mk;Macedonian
;;cuk;cu;San Blas Kuna
;;wor;wo;Woria
;;lar;la;Larteh
;;bng;bn;Benga
;;tkx;tk;Tangko
;;mys;my;Mesmes
;;qub;qu;Huallaga Huánuco Quechua
;;cuo;cu;Cumanagoto
;;mrq;mr;North Marquesan
;;kug;ku;Kupa
;;tiz;ti;Tai Hongjin
;;bru;br;Eastern Bru
;;bmo;bm;Bambalang
;;kuz;ku;Kunza
;;gdj;gd;Gurdjar
;;kwq;kw;Kwak
;;rmy;rm;Vlax Romani
;;klh;kl;Weliki
;;gue;gu;Gurinji
;;klo;kl;Kapya
;;ksf;ks;Bafia
;;baj;ba;Barakai
;;toy;to;Topoiyo
;;cyb;cy;Cayubaba
;;bmz;bm;Baramu
;;nyo;ny;Nyoro
;;koa;ko;Konomala
;;kao;ka;Xaasongaxango
;;tnv;tn;Tangchangya
;;kve;kv;Kalabakan
;;tyh;ty;O'du
;;kjx;kj;Ramopa
;;lad;la;Ladino
;;tob;to;Toba
;;ayb;ay;Ayizo Gbe
;;ngh;ng;N/u
;;kaa;ka;Kara-Kalpak
;;fin;fi;Finnish
;;ndh;nd;Ndali
;;bae;ba;Baré
;;kvn;kv;Border Kuna
;;aec;ae;Saidi Arabic
;;dah;da;Gwahatike
;;ptt;pt;Enrekang
;;igs;ig;Interglossa
;;gnk;gn;//Gana
;;kyu;ky;Western Kayah
;;run;ru;Rundi
;;snr;sn;Sihan
;;nea;ne;Eastern Ngad'a
;;mrx;mr;Maremgi
;;plo;pl;Oluta Popoluca
;;liu;li;Logorik
;;ssl;ss;Western Sisaala
;;nys;ny;Nyunga
;;mia;mi;Miami
;;lin;li;Lingala
;;kup;ku;Kunimaipa
;;ams;am;Southern Amami-Oshima
;;sts;st;Shumashti
;;urk;ur;Urak Lawoi'
;;mtk;mt;Mbe'
;;tsj;ts;Tshangla
;;mnn;mn;Southern Mnong
;;bny;bn;Bintulu
;;sas;sa;Sasak
;;nen;ne;Nengone
;;frp;fr;Arpitan
;;rnd;rn;Ruund
;;zai;za;Isthmus Zapotec
;;soh;so;Aka
;;neo;ne;Ná-Meo
;;siy;si;Sivandi
;;sgz;sg;Sursurunga
;;glr;gl;Glaro-Twabo
;;tsm;ts;Turkish Sign Language
;;lgg;lg;Lugbara
;;gad;ga;Gaddang
;;tei;te;Torricelli
;;sny;sn;Saniyo-Hiyewe
;;urd;ur;Urdu
;;bsw;bs;Baiso
;;der;de;Deori
;;ssu;ss;Susuami
;;stu;st;Samtao
;;mtp;mt;Wichí Lhamtés Nocten
;;mhw;mh;Mbukushu
;;ikl;ik;Ikulu
;;teh;te;Tehuelche
;;hau;ha;Hausa
;;nee;ne;Nêlêmwa-Nixumwak
;;mtw;mt;Southern Binukidnon
;;sme;sm;Northern Sami
;;lbr;lb;Northern Lorung
;;are;ar;Western Arrarnta
;;tha;th;Thai
;;mti;mt;Maiwa (Papua New Guinea)
;;bos;bo;Bosnian
;;akw;ak;Akwa
;;myj;my;Mangayat
;;fra;fr;French
;;kkq;kk;Kaiku
;;sog;so;Sogdian
;;mlk;ml;Ilwana
;;fit;fi;Tornedalen Finnish
;;tas;ta;Tay Boi
;;azb;az;South Azerbaijani
;;etu;et;Ejagham
;;gus;gu;Guinean Sign Language
;;lti;lt;Leti (Indonesia)
;;nax;na;Nakwi
;;yoi;yo;Yonaguni
;;slc;sl;Sáliba
;;bax;ba;Bamun
;;fax;fa;Fala
;;nng;nn;Maring Naga
;;ttu;tt;Torau
;;nag;na;Naga Pidgin
;;knz;kn;Kalamsé
;;trq;tr;San Martín Itunyoso Triqui
;;hix;hi;Hixkaryána
;;snd;sn;Sindhi
;;mhq;mh;Mandan
;;tsp;ts;Northern Toussian
;;cuv;cu;Cuvok
;;asn;as;Xingú Asuriní
;;sip;si;Sikkimese
;;sil;si;Tumulung Sisaala
;;ple;pl;Palu'e
;;gam;ga;Kandawo
;;sag;sa;Sango
;;kym;ky;Kpatili
;;twx;tw;Tewe
;;klf;kl;Kendeje
;;kkj;kk;Kako
;;kyq;ky;Kenga
;;mlx;ml;Malfaxal
;;smd;sm;Sama
;;swu;sw;Suwawa
;;ukh;uk;Ukhwejo
;;par;pa;Panamint
;;toq;to;Toposa
;;sww;sw;Sowa
;;kgt;kg;Somyev
;;kwz;kw;Kwadi
;;bhv;bh;Bahau
;;kag;ka;Kajaman
;;ard;ar;Arabana
;;nla;nl;Ngombale
;;mrb;mr;Marino
;;wat;wa;Kaninuwa
;;bgv;bg;Warkay-Bipim
;;ojc;oj;Central Ojibwa
;;bol;bo;Bole
;;msc;ms;Sankaran Maninka
;;guf;gu;Gupapuyngu
;;kgn;kg;Karingani
;;aml;am;War-Jaintia
;;kir;ki;Kirghiz
;;kji;kj;Zabana
;;rmp;rm;Rempi
;;nov;no;Novial
;;plg;pl;Pilagá
;;nan;na;Min Nan Chinese
;;yin;yi;Yinchia
;;gnw;gn;Western Bolivian Guaraní
;;aba;ab;Abé
;;sgr;sg;Sangisari
;;pso;ps;Polish Sign Language
;;ngl;ng;Lomwe
;;toz;to;To
;;pix;pi;Piu
;;smr;sm;Simeulue
;;kik;ki;Kikuyu
;;jal;ja;Yalahatan
;;mkt;mk;Vamale
;;tau;ta;Upper Tanana
;;ian;ia;Iatmul
;;kvk;kv;Korean Sign Language
;;scp;sc;Helambu Sherpa
;;beo;be;Beami
;;sgh;sg;Shughni
;;cou;co;Wamey
;;src;sr;Logudorese Sardinian
;;vor;vo;Voro
;;caq;ca;Car Nicobarese
;;nyl;ny;Nyeu
;;snk;sn;Soninke
;;svr;sv;Savara
;;nnr;nn;Narungga
;;ige;ig;Igede
;;ayp;ay;North Mesopotamian Arabic
;;bsb;bs;Brunei Bisaya
;;ayy;ay;Tayabas Ayta
;;mix;mi;Mixtepec Mixtec
;;kkb;kk;Kwerisa
;;was;wa;Washo
;;lup;lu;Lumbu
;;ael;ae;Ambele
;;kav;ka;Katukína
;;ply;pl;Bolyu
;;ksh;ks;Kölsch
;;kyd;ky;Karey
;;two;tw;Tswapong
;;ndw;nd;Ndobo
;;anh;an;Nend
;;caj;ca;Chané
;;abt;ab;Ambulas
;;elp;el;Elpaputih
;;paz;pa;Pankararú
;;hii;hi;Hinduri
;;tsw;ts;Tsishingini
;;hav;ha;Havu
;;mhe;mh;Besisi
;;ito;it;Itonama
;;kmj;km;Kumarbhag Paharia
;;uge;ug;Ughele
;;tsb;ts;Tsamai
;;tgd;tg;Ciwogai
;;pln;pl;Palenquero
;;bhe;bh;Bhaya
;;asc;as;Casuarina Coast Asmat
;;bia;bi;Badimaya
;;kna;kn;Dera (Nigeria)
;;tsi;ts;Tsimshian
;;stl;st;Stellingwerfs
;;kru;kr;Kurukh
;;roh;ro;Romansh
;;ceg;ce;Chamacoco
;;wos;wo;Hanga Hundi
;;waj;wa;Waffa
;;viv;vi;Iduna
;;tyx;ty;Teke-Tyee
;;orx;or;Oro
;;enw;en;Enwan (Akwa Ibom State)
;;sgi;sg;Suga
;;csq;cs;Croatia Sign Language
;;ssg;ss;Seimat
;;brm;br;Barambu
;;nrn;nr;Norn
;;ama;am;Amanayé
;;mrn;mr;Cheke Holo
;;aae;aa;Arbëreshë Albanian
;;kiy;ki;Kirikiri
;;ruc;ru;Ruuli
;;abi;ab;Abidji
;;soz;so;Temi
;;tae;ta;Tariana
;;oss;os;Ossetian
;;ngs;ng;Gvoko
;;sdn;sd;Gallurese Sardinian
;;koh;ko;Koyo
;;kwh;kw;Kowiai
;;akb;ak;Batak Angkola
;;sga;sg;Old Irish (to 900)
;;mgm;mg;Mambae
;;sly;sl;Selayar
;;bmf;bm;Bom
;;afs;af;Afro-Seminole Creole
;;hif;hi;Fiji Hindi
;;ltz;lt;Luxembourgish
;;zab;za;San Juan Guelavía Zapotec
;;tln;tl;Talondo'
;;lts;lt;Tachoni
;;lih;li;Lihir
;;ish;is;Esan
;;twg;tw;Tereweng
;;sna;sn;Shona
;;bil;bi;Bile
;;yip;yi;Pholo
;;tid;ti;Tidong
;;pss;ps;Kaulong
;;thz;th;Tayart Tamajeq
;;kge;kg;Komering
;;nbo;nb;Nkukoli
;;mkm;mk;Moklen
;;ndn;nd;Ngundi
;;gdx;gd;Godwari
;;kid;ki;Koshin
;;kuc;ku;Kwinsu
;;gnb;gn;Gangte
;;eth;et;Ethiopian Sign Language
;;hrr;hr;Horuru
;;bex;be;Jur Modo
;;lui;lu;Luiseno
;;trt;tr;Tunggare
;;yiu;yi;Awu
;;hti;ht;Hoti
;;ptv;pt;Port Vato
;;net;ne;Nete
;;liv;li;Liv
;;bgi;bg;Giangan
;;aan;aa;Anambé
;;twb;tw;Western Tawbuid
;;lio;li;Liki
;;urc;ur;Urningangg
;;psh;ps;Southwest Pashayi
;;sur;su;Mwaghavul
;;csf;cs;Cuba Sign Language
;;dar;da;Dargwa
;;tng;tn;Tobanga
;;iku;ik;Inuktitut
;;slj;sl;Salumá
;;coc;co;Cocopa
;;pif;pi;Pingelapese
;;mlb;ml;Mbule
;;anv;an;Denya
;;kjb;kj;Q'anjob'al
;;aya;ay;Awar
;;sep;se;Sìcìté Sénoufo
;;ruy;ru;Mala (Nigeria)
;;tev;te;Teor
;;sao;sa;Sause
;;hor;ho;Horo
;;msn;ms;Vurës
;;gaq;ga;Gata'
;;tel;te;Telugu
;;bap;ba;Bantawa
;;swr;sw;Saweru
;;zal;za;Zauzou
;;mna;mn;Mbula
;;nem;ne;Nemi
;;myk;my;Mamara Senoufo
;;stv;st;Silt'e
;;kuo;ku;Kumukio
;;arz;ar;Egyptian Arabic
;;tgn;tg;Tandaganon
;;tec;te;Terik
;;avs;av;Aushiri
;;hem;he;Hemba
;;ned;ne;Nde-Gbite
;;knv;kn;Tabo
;;dak;da;Dakota
;;ndu;nd;Dugun
;;kgr;kg;Abun
;;akr;ak;Araki
;;ksj;ks;Uare
;;urt;ur;Urat
;;bnq;bn;Bantik
;;huj;hu;Northern Guiyang Hmong
;;snq;sn;Sangu (Gabon)
;;mtq;mt;Muong
;;ffi;ff;Foia Foia
;;gdh;gd;Gadjerawang
;;nrg;nr;Narango
;;mht;mh;Mandahuaca
;;esh;es;Eshtehardi
;;huq;hu;Tsat
;;bsx;bs;Yangkam
;;lvu;lv;Levuka
;;que;qu;Quechua
;;rmv;rm;Romanova
;;sva;sv;Svan
;;lbq;lb;Wampar
;;tar;ta;Central Tarahumara
;;tgu;tg;Tanggu
;;bsq;bs;Bassa
;;ase;as;American Sign Language
;;kvs;kv;Kunggara
;;bsj;bs;Bangwinji
;;kld;kl;Gamilaraay
;;mig;mi;San Miguel El Grande Mixtec
;;crr;cr;Carolina Algonquian
;;bnx;bn;Bangubangu
;;itw;it;Ito
;;ngp;ng;Ngulu
;;amr;am;Amarakaeri
;;kuy;ku;Kuuku-Ya'u
;;nni;nn;North Nuaulu
;;gud;gu;Yocoboué Dida
;;brz;br;Bilbil
;;oco;oc;Old Cornish
;;mtf;mt;Murik (Papua New Guinea)
;;lbc;lb;Lakkia
;;caw;ca;Callawalla
;;lix;li;Liabuku
;;ndg;nd;Ndengereko
;;skc;sk;Sauk
;;kog;ko;Cogui
;;kva;kv;Bagvalal
;;noe;no;Nimadi
;;brl;br;Birwa
;;nyp;ny;Nyang'i
;;hao;ha;Hakö
;;guz;gu;Gusii
;;anx;an;Andra-Hus
;;tgk;tg;Tajik
;;mtv;mt;Asaro'o
;;krw;kr;Western Krahn
;;noq;no;Ngongo
;;lbz;lb;Lardil
;;nes;ne;Bhoti Kinnauri
;;afb;af;Gulf Arabic
;;afo;af;Eloyi
;;glj;gl;Gula Iro
;;krv;kr;Kavet
;;plv;pl;Southwest Palawano
;;sok;so;Sokoro
;;nyt;ny;Nyawaygi
;;coj;co;Cochimi
;;rmt;rm;Domari
;;nlr;nl;Ngarla
;;mrw;mr;Maranao
;;cae;ca;Lehar
;;zaa;za;Sierra de Juárez Zapotec
;;kyc;ky;Kyaka
;;amp;am;Alamblak
;;aaq;aa;Eastern Abnaki
;;iso;is;Isoko
;;ets;et;Yekhee
;;gdk;gd;Gadang
;;tks;tk;Takestani
;;klg;kl;Tagakaulo
;;tes;te;Tengger
;;csn;cs;Colombian Sign Language
;;swf;sw;Sere
;;sat;sa;Santali
;;kgi;kg;Selangor Sign Language
;;hoi;ho;Holikachuk
;;kso;ks;Kofa
;;smb;sm;Simbari
;;kon;ko;Kongo
;;klv;kl;Maskelynes
;;gaz;ga;West Central Oromo
;;tku;tk;Upper Necaxa Totonac
;;tta;tt;Tutelo
;;tss;ts;Taiwan Sign Language
;;tkg;tk;Tesaka Malagasy
;;bge;bg;Bauria
;;bgs;bg;Tagabawa
;;sta;st;Settla
;;cur;cu;Chhulung
;;kwu;kw;Kwakum
;;sun;su;Sundanese
;;pta;pt;Pai Tavytera
;;ttj;tt;Tooro
;;cop;co;Coptic
;;mim;mi;Alacatlatzala Mixtec
;;tyt;ty;Tày Tac
;;mgp;mg;Eastern Magar
;;snx;sn;Sam
;;ski;sk;Sika
;;sdc;sd;Sassarese Sardinian
;;six;si;Sumau
;;rui;ru;Rufiji
;;sqm;sq;Suma
;;ngw;ng;Ngwaba
;;kvd;kv;Kui (Indonesia)
;;afg;af;Afghan Sign Language
;;kwl;kw;Kofyar
;;skj;sk;Seke (Nepal)
;;trz;tr;Torá
;;fiw;fi;Fiwaga
;;sov;so;Sonsorol
;;nnu;nn;Dwang
;;pty;pt;Pathiya
;;lva;lv;Maku'a
;;dzg;dz;Dazaga
;;bnf;bn;Masiwang
;;rut;ru;Rutul
;;brs;br;Baras
;;sob;so;Sobei
;;tse;ts;Tunisian Sign Language
;;srr;sr;Serer
;;taa;ta;Lower Tanana
;;kaw;ka;Kawi
;;bsa;bs;Abinomn
;;wog;wo;Wogamusin
;;hrv;hr;Croatian
;;arl;ar;Arabela
;;tig;ti;Tigre
;;mye;my;Myene
;;tra;tr;Tirahi
;;sqr;sq;Siculo Arabic
;;bec;be;Iceve-Maci
;;sen;se;Nanerigé Sénoufo
;;smw;sm;Sumbawa
;;krd;kr;Kairui-Midiki
;;sdt;sd;Shuadit
;;gnn;gn;Gumatj
;;lox;lo;Loun
;;csz;cs;Coos
;;lnh;ln;Lanoh
;;mgc;mg;Morokodo
;;hak;ha;Hakka Chinese
;;zas;za;Santo Domingo Albarradas Zapotec
;;fas;fa;Persian
;;cya;cy;Nopala Chatino
;;kwi;kw;Awa-Cuaiquer
;;ver;ve;Mom Jango
;;kwc;kw;Likwala
;;den;de;Slave (Athapascan)
;;ass;as;Ipulo
;;bmu;bm;Somba-Siawari
;;piu;pi;Pintupi-Luritja
;;suw;su;Sumbwa
;;yor;yo;Yoruba
;;mnf;mn;Mundani
;;kgd;kg;Kataang
;;quw;qu;Tena Lowland Quichua
;;kgw;kg;Karon Dori
;;scb;sc;Chut
;;chu;ch;Church Slavic
;;mhm;mh;Makhuwa-Moniga
;;suq;su;Suri
;;pak;pa;Parakanã
;;kyt;ky;Kayagar
;;bmb;bm;Bembe
;;kkv;kk;Kangean
;;yos;yo;Yos
;;nap;na;Neapolitan
;;mgw;mg;Matumbi
;;vig;vi;Viemo
;;luj;lu;Luna
;;sce;sc;Dongxiang
;;kic;ki;Kickapoo
;;tgx;tg;Tagish
;;gnm;gn;Ginuman
;;aed;ae;Argentine Sign Language
;;won;wo;Wongo
;;chc;ch;Catawba
;;bam;ba;Bambara
;;hap;ha;Hupla
;;urm;ur;Urapmin
;;skt;sk;Sakata
;;gag;ga;Gagauz
;;yik;yi;Dongshanba Lalo
;;gnr;gn;Gureng Gureng
;;kjq;kj;Western Keres
;;gvl;gv;Gulay
;;dzo;dz;Dzongkha
;;kah;ka;Kara (Central African Republic)
;;amf;am;Hamer-Banna
;;psg;ps;Penang Sign Language
;;crk;cr;Plains Cree
;;sek;se;Sekani
;;sco;sc;Scots
;;nao;na;Naaba
;;pid;pi;Piaroa
;;itl;it;Itelmen
;;cux;cu;Tepeuxila Cuicatec
;;nbi;nb;Mao Naga
;;chm;ch;Mari (Russia)
;;roe;ro;Ronji
;;tnh;tn;Maiani
;;nbd;nb;Ngbinda
;;trw;tr;Torwali
;;sia;si;Akkala Sami
;;pie;pi;Piro
;;afu;af;Awutu
;;kkg;kk;Mabaka Valley Kalinga
;;gay;ga;Gayo
;;yiv;yi;Northern Nisu
;;mhn;mh;Mócheno
;;cao;ca;Chácobo
;;tlk;tl;Taloki
;;csc;cs;Catalan Sign Language
;;sdz;sd;Sallands
;;bhf;bh;Odiai
;;mgx;mg;Omati
;;ruf;ru;Luguru
;;hay;ha;Haya
;;kly;kl;Kalao
;;slq;sl;Salchuq
;;idu;id;Idoma
;;mkz;mk;Makasae
;;abs;ab;Ambonese Malay
;;orc;or;Orma
;;tol;to;Tolowa
;;itx;it;Itik
;;mrt;mr;Marghi Central
;;lof;lo;Logol
;;kij;ki;Kilivila
;;tri;tr;Trió
;;kiq;ki;Kosadle
;;sed;se;Sedang
;;ikx;ik;Ik
;;twn;tw;Twendi
;;aal;aa;Afade
;;ayl;ay;Libyan Arabic
;;kse;ks;Kuni
;;ikk;ik;Ika
;;bsp;bs;Baga Sitemu
;;pin;pi;Piame
;;mlz;ml;Malaynon
;;fad;fa;Wagi
;;sst;ss;Sinasina
;;aew;ae;Ambakich
;;srs;sr;Sarsi
;;mrm;mr;Merlav
;;hup;hu;Hupa
;;gap;ga;Gal
;;lni;ln;Daantanai'
;;anb;an;Andoa
;;hih;hi;Pamosu
;;lan;la;Laru
;;oso;os;Ososo
;;bow;bo;Rema
;;kuf;ku;Western Katu
;;ttl;tt;Totela
;;csg;cs;Chilean Sign Language
;;lib;li;Likum
;;ttw;tt;Long Wat
;;trb;tr;Terebu
;;lii;li;Lingkhim
;;tlg;tl;Tofanma
;;bml;bm;Bomboli
;;ani;an;Andi
;;tah;ta;Tahitian
;;krx;kr;Karon
;;ido;id;Ido
;;mhb;mh;Mahongwe
;;nos;no;Eastern Nisu
;;mkw;mk;Kituba (Congo)
;;tyl;ty;Thu Lao
;;kjj;kj;Khinalugh
;;uks;uk;Urubú-Kaapor Sign Language
;;jao;ja;Yanyuwa
;;kjy;kj;Erave
;;ojp;oj;Old Japanese
;;fro;fr;Old French (842-ca. 1400)
;;aem;ae;Arem
;;azm;az;Ipalapa Amuzgo
;;sav;sa;Saafi-Saafi
;;mgn;mg;Mbangi
;;toe;to;Tomedes
;;mkf;mk;Miya
;;sib;si;Sebop
;;bhw;bh;Biak
;;beu;be;Blagar
;;krm;kr;Krim
;;bix;bi;Bijori
;;zav;za;Yatzachi Zapotec
;;msw;ms;Mansoanka
;;akq;ak;Ak
;;jah;ja;Jah Hut
;;sli;sl;Lower Silesian
;;tlu;tl;Tulehu
;;kgq;kg;Kamoro
;;jaf;ja;Jara
;;svx;sv;Skalvian
;;nld;nl;Dutch
;;mlc;ml;Cao Lan
;;toc;to;Coyutla Totonac
;;dam;da;Damakawa
;;kuj;ku;Kuria
;;ptp;pt;Patep
;;ayz;ay;Mai Brat
;;tga;tg;Sagalla
;;suc;su;Western Subanon
;;amz;am;Atampaya
;;gva;gv;Guana (Paraguay)
;;sre;sr;Sara
;;kjc;kj;Coastal Konjo
;;mrh;mr;Mara Chin
;;cof;co;Colorado
;;ndv;nd;Ndut
;;bot;bo;Bongo
;;uzs;uz;Southern Uzbek
;;hui;hu;Huli
;;sah;sa;Yakut
;;psu;ps;Sauraseni Prākrit
;;pld;pl;Polari
;;etr;et;Edolo
;;kap;ka;Bezhta
;;omp;om;Old Manipuri
;;abl;ab;Lampung Nyo
;;chv;ch;Chuvash
;;sds;sd;Sened
;;kou;ko;Koke
;;vil;vi;Vilela
;;lou;lo;Louisiana Creole French
;;kra;kr;Kumhali
;;rop;ro;Kriol
;;sdh;sd;Southern Kurdish
;;hab;ha;Hanoi Sign Language
;;kvj;kv;Psikye
;;mrz;mr;Marind
;;kmr;km;Northern Kurdish
;;daj;da;Dar Fur Daju
;;aza;az;Azha
;;kyp;ky;Kang
;;lon;lo;Malawi Lomwe
;;tit;ti;Tinigua
;;the;th;Chitwania Tharu
;;smp;sm;Samaritan
;;tnm;tn;Tabla
;;qul;qu;North Bolivian Quechua
;;ess;es;Central Siberian Yupik
;;bmc;bm;Biem
;;ngb;ng;Northern Ngbandi
;;aac;aa;Ari
;;abd;ab;Manide
;;gur;gu;Farefare
;;sgx;sg;Sierra Leone Sign Language
;;klc;kl;Kolbila
;;saa;sa;Saba
;;noz;no;Nayi
;;nay;na;Narrinyeri
;;bik;bi;Bikol
;;gui;gu;Eastern Bolivian Guaraní
;;isk;is;Ishkashimi
;;kga;kg;Koyaga
;;luc;lu;Aringa
;;ost;os;Osatu
;;arw;ar;Arawak
;;mgu;mg;Mailu
;;slx;sl;Salampasu
;;azt;az;Faire Atta
;;ite;it;Itene
;;ngi;ng;Ngizim
;;asq;as;Austrian Sign Language
;;kyl;ky;Kalapuya
;;frd;fr;Fordata
;;asd;as;Asas
;;knc;kn;Central Kanuri
;;tnw;tn;Tonsawang
;;rmu;rm;Tavringer Romani
;;gdi;gd;Gundi
;;ska;sk;Skagit
;;caz;ca;Canichana
;;mnt;mn;Maykulan
;;hye;hy;Armenian
;;skb;sk;Saek
;;pll;pl;Shwe Palaung
;;swe;sw;Swedish
;;mrv;mr;Mangareva
;;afp;af;Tapei
;;bou;bo;Bondei
;;arv;ar;Arbore
;;nor;no;Norwegian
;;ssf;ss;Thao
;;swg;sw;Swabian
;;guc;gu;Wayuu
;;ayn;ay;Sanaani Arabic
;;krs;kr;Gbaya (Sudan)
;;tls;tl;Tambotalo
;;wal;wa;Wolaytta
;;afh;af;Afrihili
;;lab;la;Linear A
;;mro;mr;Mru
;;xho;xh;Xhosa
;;nyu;ny;Nyungwe
;;cah;ca;Cahuarano
;;kgo;kg;Krongo
;;kwj;kw;Kwanga
;;naj;na;Nalu
;;nyq;ny;Nayini
;;kwa;kw;Dâw
;;amq;am;Amahai
;;plu;pl;Palikúr
;;bmx;bm;Baimak
;;kyz;ky;Kayabí
;;cuq;cu;Cun
;;woy;wo;Weyto
;;amo;am;Amo
;;skz;sk;Sekar
;;zad;za;Cajonos Zapotec
;;ptr;pt;Piamatsina
;;bah;ba;Bahamas Creole English
;;woi;wo;Kamang
;;kyb;ky;Butbut Kalinga
;;xhv;xh;Khua
;;sau;sa;Saleman
;;kys;ky;Baram Kayan
;;tkt;tk;Kathoriya Tharu
;;mtn;mt;Matagalpa
;;kyk;ky;Kamayo
;;tek;te;Ibali Teke
;;gnd;gn;Zulgo-Gemzek
;;pac;pa;Pacoh
;;tti;tt;Tobati
;;smc;sm;Som
;;rmh;rm;Murkim
;;fip;fi;Fipa
;;msl;ms;Molof
;;nec;ne;Nedebang
;;suk;su;Sukuma
;;kko;kk;Karko
;;nvm;nv;Namiae
;;teb;te;Tetete
;;csy;cs;Siyin Chin
;;stw;st;Satawalese
;;mll;ml;Malua Bay
;;zhd;zh;Dai Zhuang
;;snp;sn;Siane
;;tni;tn;Tandia
;;sev;se;Nyarafolo Senoufo
;;tgl;tg;Tagalog
;;suv;su;Sulung
;;asr;as;Asuri
;;lbb;lb;Label
;;anp;an;Angika
;;zho;zh;Chinese
;;mtu;mt;Tututepec Mixtec
;;ele;el;Elepi
;;nez;ne;Nez Perce
;;mky;mk;East Makian
;;pas;pa;Papasena
;;ngm;ng;Ngatik Men's Creole
;;zau;za;Zangskari
;;bir;bi;Bisorio
;;haw;ha;Hawaiian
;;sel;se;Selkup
;;mhu;mh;Digaro-Mishmi
;;frr;fr;Northern Frisian
;;gaf;ga;Gende
;;tij;ti;Tilung
;;akz;ak;Alabama
;;zak;za;Zanaki
;;crj;cr;Southern East Cree
;;kvt;kv;Lahta Karen
;;bgg;bg;Bugun
;;sdu;sd;Sarudu
;;sso;ss;Sissano
;;ndl;nd;Ndolo
;;eus;eu;Basque
;;haj;ha;Hajong
;;cox;co;Nanti
;;anw;an;Anaang
;;nne;nn;Ngandyera
;;fon;fo;Fon
;;kab;ka;Kabyle
;;nok;no;Nooksack
;;tya;ty;Tauya
;;seo;se;Suarmin
;;sgs;sg;Samogitian
;;mgd;mg;Moru
;;kix;ki;Khiamniungan Naga
;;tia;ti;Tidikelt Tamazight
;;tor;to;Togbo-Vara Banda
;;naq;na;Nama (Namibia)
;;bre;br;Breton
;;cra;cr;Chara
;;smj;sm;Lule Sami
;;srx;sr;Sirmauri
;;dek;de;Dek
;;mgk;mg;Mawes
;;knu;kn;Kono (Guinea)
;;kjk;kj;Highland Konjo
;;nnj;nn;Nyangatom
;;tet;te;Tetum
;;ask;as;Ashkun
;;kgx;kg;Kamaru
;;ksi;ks;Krisa
;;bnp;bn;Bola
;;liw;li;Col
;;mng;mn;Eastern Mnong
;;cht;ch;Cholón
;;low;lo;Tampias Lobu
;;akd;ak;Ukpet-Ehom
;;tsv;ts;Tsogo
;;amj;am;Amdang
;;soj;so;Soi
;;skh;sk;Sikule
;;bsr;bs;Bassa-Kontagora
;;zuh;zu;Tokano
;;kgl;kg;Kunggari
;;wof;wo;Gambian Wolof
;;cog;co;Chong
;;tkm;tk;Takelma
;;sii;si;Shom Peng
;;rmn;rm;Balkan Romani
;;gul;gu;Sea Island Creole English
;;coo;co;Comox
;;akp;ak;Siwu
;;soa;so;Thai Song
;;kom;ko;Komi
;;kvc;kv;Kove
;;cum;cu;Cumeral
;;hin;hi;Hindi
;;svs;sv;Savosavo
;;lnn;ln;Lorediakarkar
;;try;tr;Turung
;;lua;lu;Luba-Lulua
;;myf;my;Bambassi
;;haa;ha;Han
;;hib;hi;Hibito
;;kwd;kw;Kwaio
;;nof;no;Nomane
;;aak;aa;Ankave
;;nyf;ny;Giryama
;;nlj;nl;Nyali
;;brt;br;Bitare
;;rmw;rm;Welsh Romani
;;nny;nn;Nyangga
;;sou;so;Southern Thai
;;yok;yo;Yokuts
;;eng;en;English
;;bgf;bg;Bangandu
;;bni;bn;Bangi
;;yiy;yi;Yir Yoront
;;mil;mi;Peñoles Mixtec
;;nre;nr;Southern Rengma Naga
;;arb;ar;Standard Arabic
;;avl;av;Eastern Egyptian Bedawi Arabic
;;hru;hr;Hruso
;;loe;lo;Saluan
;;kot;ko;Lagwan
;;urv;ur;Uruava
;;myu;my;Mundurukú
;;miu;mi;Cacaloxtepec Mixtec
;;klu;kl;Klao
;;kwv;kw;Sara Kaba Náà
;;bgu;bg;Mbongno
;;srk;sr;Serudung Murut
;;tsh;ts;Tsuvan
;;tlh;tl;Klingon
;;slp;sl;Lamaholot
;;see;se;Seneca
;;kai;ka;Karekare
;;pto;pt;Zo'é
;;twe;tw;Tewa (Indonesia)
;;vit;vi;Viti
;;kvi;kv;Kwang
;;csh;cs;Asho Chin
;;abv;ab;Baharna Arabic
;;aat;aa;Arvanitika Albanian
;;ngu;ng;Guerrero Nahuatl
;;ikw;ik;Ikwere
;;yiz;yi;Azhe
;;aym;ay;Aymara
;;abk;ab;Abkhazian
;;klz;kl;Kabola
;;tgb;tg;Tobilung
;;dax;da;Dayi
;;lom;lo;Loma (Liberia)
;;tsu;ts;Tsou
;;taz;ta;Tocho
;;tyz;ty;Tày
;;kui;ku;Kuikúro-Kalapálo
;;hax;ha;Southern Haida
;;coe;co;Koreguaje
;;kiw;ki;Northeast Kiwai
;;tag;ta;Tagoi
;;bmm;bm;Northern Betsimisaraka Malagasy
;;tnn;tn;North Tanna
;;thf;th;Thangmi
;;ana;an;Andaqui
;;lao;la;Lao
;;cso;cs;Sochiapam Chinantec
;;ssi;ss;Sansi
;;hre;hr;Hre
;;sgp;sg;Singpho
;;scw;sc;Sha
;;bem;be;Bemba (Zambia)
;;stn;st;Owa
;;tht;th;Tahltan
;;plw;pl;Brooke's Point Palawano
;;lia;li;West-Central Limba
;;ngj;ng;Ngie
;;gvs;gv;Gumawana
;;gnz;gn;Ganzi
;;mhz;mh;Mor (Mor Islands)
;;luk;lu;Lunanakha
;;msq;ms;Caac
;;cyo;cy;Cuyonon
;;ttm;tt;Northern Tutchone
;;yis;yi;Yis
;;nbc;nb;Chang Naga
;;sij;si;Numbami
;;lgt;lg;Pahi
;;tgw;tg;Tagwana Senoufo
;;kii;ki;Kitsai
;;ngx;ng;Nggwahyi
;;boe;bo;Mundabli
;;huu;hu;Murui Huitoto
;;kue;ku;Kuman
;;bmd;bm;Baga Manduri
;;mlm;ml;Mulam
;;biw;bi;Kol (Cameroon)
;;tll;tl;Tetela
;;enn;en;Engenni
;;ure;ur;Uru
;;mnp;mn;Min Bei Chinese
;;lno;ln;Lango (Sudan)
;;chb;ch;Chibcha
;;csd;cs;Chiangmai Sign Language
;;itm;it;Itu Mbon Uzo
;;kjd;kj;Southern Kiwai
;;ikp;ik;Ikpeshi
;;chl;ch;Cahuilla
;;bsi;bs;Bassossi
;;pic;pi;Pinji
;;dal;da;Dahalo
;;mho;mh;Mashi (Zambia)
;;cuw;cu;Chukwa
;;cet;ce;Centúúm
;;lgk;lg;Lingarak
;;kmk;km;Limos Kalinga
;;miz;mi;Coatzospan Mixtec
;;taq;ta;Tamasheq
;;dae;da;Duupa
;;knt;kn;Panoan Katukína
;;nbx;nb;Ngura
;;mtg;mt;Una
;;avo;av;Agavotaguerra
;;frc;fr;Cajun French
;;mri;mr;Maori
;;knj;kn;Western Kanjobal
;;kgc;kg;Kasseng
;;mld;ml;Malakhel
;;wam;wa;Wampanoag
;;tro;tr;Tarao Naga
;;mrl;mr;Mortlockese
;;ojv;oj;Ontong Java
;;kyo;ky;Kelon
;;smx;sm;Samba
;;hoz;ho;Hozo
;;krb;kr;Karkin
;;plc;pl;Central Palawano
;;scn;sc;Sicilian
;;naz;na;Coatepec Nahuatl
;;iap;ia;Iapama
;;vot;vo;Votic
;;guq;gu;Aché
;;aro;ar;Araona
;;sni;sn;Sensi
;;ojs;oj;Severn Ojibwa
;;asp;as;Algerian Sign Language
;;kkh;kk;Khün
;;bef;be;Benabena
;;sin;si;Sinhala
;;tgi;tg;Lawunuia
;;abc;ab;Ambala Ayta
;;tiq;ti;Tiéfo
;;msz;ms;Momare
;;huh;hu;Huilliche
;;tos;to;Highland Totonac
;;mgv;mg;Matengo
;;smq;sm;Samo
;;tgp;tg;Tangoa
;;ngn;ng;Ngwo
;;yil;yi;Yindjilandji
;;idc;id;Idon
;;huo;hu;Hu
;;siw;si;Siwai
;;nlo;nl;Ngul
;;mnu;mn;Mer
;;twm;tw;Tawang Monpa
;;ayh;ay;Hadrami Arabic
;;trd;tr;Turi
;;not;no;Nomatsiguenga
;;uru;ur;Urumi
;;ksz;ks;Kodaku
;;nnk;nn;Nankina
;;url;ur;Urali
;;gla;gl;Scottish Gaelic
;;kaq;ka;Capanahua
;;aee;ae;Northeast Pashayi
;;thq;th;Kochila Tharu
;;mhc;mh;Mocho
;;vif;vi;Vili
;;swl;sw;Swedish Sign Language
;;bao;ba;Waimaha
;;osp;os;Old Spanish
;;lac;la;Lacandon
;;quz;qu;Cusco Quechua
;;lap;la;Laka (Chad)
;;tth;tt;Upper Ta'oih
;;pim;pi;Powhatan
;;beh;be;Biali
;;mke;mk;Mawchi
;;sws;sw;Seluwasan
;;aen;ae;Armenian Sign Language
;;amc;am;Amahuaca
;;bgt;bg;Bughotu
;;sks;sk;Maia
;;sqs;sq;Sri Lankan Sign Language
;;kjz;kj;Bumthangkha
;;ndz;nd;Ndogo
;;tod;to;Toma
;;qud;qu;Calderón Highland Quichua
;;kjr;kj;Kurudu
;;nlc;nl;Nalca
;;lur;lu;Laura
;;bhr;bh;Bara Malagasy
;;tlv;tl;Taliabu
;;snb;sn;Sebuyau
;;heb;he;Hebrew
;;sgy;sg;Sanglechi
;;nas;na;Naasioi
;;chk;ch;Chuukese
;;cag;ca;Nivaclé
;;saw;sa;Sawi
;;krn;kr;Sapo
;;boj;bo;Anjam
;;kax;ka;Kao
;;ltg;lt;Latgalian
;;msa;ms;Malay (macrolanguage)
;;bhx;bh;Bhalay
;;sub;su;Suku
;;msv;ms;Maslam
;;isa;is;Isabi
